word,wordvec,word_label
快递,"[0.03328963369131088, 0.19528362154960632, -0.06897615641355515, -0.10965356975793839, 0.21333006024360657, 0.03648752346634865, 0.13139860332012177, -0.15981200337409973, -0.08226493000984192, -0.06101905554533005, -0.11741483956575394, 0.03095683641731739, 0.013758747838437557, 0.12775090336799622, -0.11087711155414581, -0.022089799866080284, -0.112916499376297, -0.21219241619110107, -0.18159030377864838, -0.25265952944755554, -0.05036575719714165, 0.13794945180416107, -0.3118019104003906, 0.1371687799692154, -0.20618170499801636, -0.15489403903484344, -0.09190792590379715, -0.35166800022125244, 0.0012860477436333895, 0.13905566930770874, 0.001739091007038951, -0.08321066945791245, -0.2778976857662201, 0.15825988352298737, -0.01026146486401558, -0.10586165636777878, -0.04376475140452385, 0.30939263105392456, -0.09528243541717529, 0.14433421194553375, 0.21328605711460114, 0.24040885269641876, -0.20614057779312134, 0.03592729568481445, 0.038697630167007446, 0.31700825691223145, -0.20662373304367065, 0.17954838275909424, -0.09151650220155716, 0.08494342118501663, -0.08314011245965958, -0.1468292623758316, 0.09669743478298187, 0.07349606603384018, -0.0021048292983323336, -0.0547790452837944, 0.04153032973408699, 0.1267382949590683, -0.026482490822672844, -0.05681992694735527, -0.17775459587574005, -0.1690463423728943, 0.06872910261154175, -0.11691899597644806, -0.14915411174297333, 0.06619977205991745, -0.02597905322909355, 0.1841590851545334, 0.2566911578178406, -0.08941847831010818, -0.02613716945052147, 0.09675540775060654, -0.25016602873802185, 0.3633846342563629, 0.06942436099052429, -0.02587757259607315, 0.2958427369594574, 0.13460536301136017, -0.0482679046690464, 0.05812235549092293, 0.1467122733592987, -0.04486848786473274, -0.13619862496852875, -0.04275154694914818, 0.007679680362343788, 0.2927390933036804, 0.07472176104784012, 0.28404051065444946, -0.16749659180641174, -0.10517960786819458, -0.049298979341983795, -0.040933120995759964, -0.16526295244693756, 0.36734840273857117, -0.036733392626047134, -0.11036734282970428, -0.05563085153698921, 0.18274721503257751, -0.11486521363258362, -0.18973122537136078]",0
邮政,"[-0.019296135753393173, 0.08350972086191177, 0.05841850861907005, -0.10615459084510803, 0.2430807650089264, -0.14371910691261292, 0.053215593099594116, -0.12662674486637115, -0.03333229199051857, 0.06947936117649078, 0.08444423228502274, -0.035233210772275925, 0.001917665940709412, 0.1350197196006775, -0.259501188993454, -0.07878649234771729, -0.1343960016965866, -0.19515536725521088, -0.18610383570194244, -0.23023799061775208, -0.11266157031059265, 0.2290673404932022, -0.2456817477941513, -0.009005371481180191, -0.10286817699670792, -0.30179113149642944, -0.0005376946646720171, -0.2827926278114319, -0.014302700757980347, 0.1574573665857315, 0.024727949872612953, -0.06707341223955154, -0.18080617487430573, 0.21251218020915985, 0.052378904074430466, -0.20013555884361267, -0.23955769836902618, 0.19326607882976532, -0.14052686095237732, 0.009340520948171616, 0.2004110962152481, 0.07174808531999588, -0.12913648784160614, 0.05442718788981438, -0.1331544667482376, 0.27515074610710144, -0.14014476537704468, 0.17391954362392426, -0.09926649183034897, 0.18151304125785828, -0.22872300446033478, -0.0826292335987091, -0.014182887971401215, -0.01247379183769226, 0.10541359335184097, -0.07100137323141098, -0.008280515670776367, -0.06627687811851501, 0.07991055399179459, -0.13891233503818512, -0.18221089243888855, -0.0847298800945282, 0.07077554613351822, -0.16914530098438263, -0.14424818754196167, 0.09107538312673569, 0.029660873115062714, 0.1604384481906891, 0.32199737429618835, -0.03902924060821533, -0.02770659700036049, 0.07717787474393845, -0.1632811278104782, 0.26937684416770935, -0.11485014110803604, 0.0811413824558258, 0.19940157234668732, 0.08693837374448776, 0.048711806535720825, -0.01702968403697014, 0.10614727437496185, -0.047568608075380325, -0.10579779744148254, -0.11468633264303207, 0.10901040583848953, 0.17054538428783417, -0.0016358880093321204, 0.21606943011283875, -0.07494630664587021, 0.06698191165924072, 0.06518738716840744, -0.004535635467618704, -0.15401767194271088, 0.21113431453704834, 0.044348765164613724, 0.0505409762263298, 0.10694929212331772, 0.10130690783262253, -0.09223490953445435, -0.23671704530715942]",0
和顺,"[0.023217899724841118, 0.03706224262714386, -0.0017990574706345797, -0.017722850665450096, 0.08585170656442642, -0.011874111369252205, -0.015066706575453281, -0.008167903870344162, -0.025849100202322006, 0.02232920005917549, -0.021842414513230324, 0.034116230905056, -0.036909401416778564, 0.060433853417634964, -0.07443232089281082, -0.015388445928692818, -0.05805665999650955, -0.0681598111987114, -0.08142153918743134, -0.05020422115921974, -0.07417754828929901, 0.10413972288370132, -0.15522454679012299, 0.0019391594687476754, -0.04731334373354912, -0.08330614119768143, 0.019610827788710594, -0.09083876013755798, -0.038843344897031784, 0.03520495444536209, 0.05784042552113533, -0.03854461386799812, -0.04616852477192879, 0.044894516468048096, 0.04687809944152832, -0.06051475927233696, -0.04219571128487587, 0.06885021924972534, -0.03786342963576317, 0.000532005971763283, 0.08805461972951889, 0.010469949804246426, 0.018175574019551277, 0.023494960740208626, -0.054676540195941925, 0.10161392390727997, -0.0065343803726136684, 0.08634915202856064, -0.029009200632572174, 0.08160845190286636, -0.09091552346944809, -0.05777019262313843, 0.010556742548942566, -0.074106864631176, 0.056945785880088806, -0.05188698321580887, 0.031244639307260513, -0.04496598616242409, -0.0007708359626121819, 0.023068392649292946, -0.05789191648364067, -0.02901206724345684, 0.018755724653601646, -0.0034883010666817427, -0.034526534378528595, 0.020373761653900146, 0.024473117664456367, 0.06891965866088867, 0.052400290966033936, -0.022655455395579338, -0.06876515597105026, 0.028023304417729378, -0.049678049981594086, 0.12272005528211594, -0.037880659103393555, 0.009755250997841358, 0.09657946228981018, -0.008012202568352222, 0.0030574328266084194, 0.01966218836605549, 0.03279406204819679, -0.03443985804915428, -0.04955688491463661, -0.009793782606720924, 0.06373931467533112, 0.08169586211442947, -0.044443946331739426, 0.06777604669332504, -0.05958159267902374, 0.05231267586350441, 0.022147618234157562, -0.040038980543613434, -0.024631904438138008, 0.021694989874958992, 0.0042352862656116486, 0.037825651466846466, 0.031668130308389664, 0.010477222502231598, -0.04829906299710274, -0.0981694683432579]",0
企业,"[0.016785237938165665, 0.3600395619869232, -0.14951343834400177, -0.31665271520614624, 0.3598722517490387, -0.20859278738498688, 0.4161470830440521, -0.3521588146686554, -0.19061173498630524, -0.0128827765583992, -0.015399915166199207, 0.053658392280340195, 0.3459683358669281, 0.5149766802787781, -0.514854907989502, -0.05996168032288551, -0.3260165750980377, -0.7650173306465149, -0.5745415091514587, -1.0987789630889893, 0.21374066174030304, 0.48500174283981323, -0.5410532355308533, 0.42830967903137207, -0.13638173043727875, -0.6295295357704163, 0.045067816972732544, -1.211496353149414, -0.06450337171554565, 0.48550504446029663, 0.03703480586409569, -0.1295602023601532, -0.7920694947242737, 0.4053979218006134, 0.18265597522258759, -0.2850549817085266, -0.41329142451286316, 0.6194194555282593, -0.30596038699150085, 0.13419725000858307, 0.4683510661125183, 0.5644053220748901, -0.4865208566188812, -0.014060153625905514, -0.040103837847709656, 0.5405672788619995, -0.6793428063392639, 0.3242831826210022, -0.1337628811597824, 0.322809100151062, -0.18422603607177734, -0.5935875177383423, 0.2416653037071228, 0.13981996476650238, -0.11150196939706802, 0.32298704981803894, 0.15248267352581024, -0.1403215378522873, -0.03848356008529663, -0.5039852857589722, -0.5271246433258057, -0.3251803517341614, 0.23223119974136353, -0.3038237392902374, -0.6730796694755554, 0.2613791227340698, -0.1684136539697647, 0.4999134838581085, 0.9555184245109558, -0.34673333168029785, 0.07843385636806488, 0.015669867396354675, -0.45411476492881775, 0.6316452026367188, 0.0813925713300705, 0.07272068411111832, 0.731285035610199, 0.3725329339504242, 0.2639954090118408, -0.13771556317806244, 0.5186882019042969, -0.3818175494670868, -0.4108765423297882, -0.07401280105113983, 0.4057219326496124, 0.446244478225708, 0.02834775485098362, 0.9172285199165344, -0.4424050450325012, -0.3641606271266937, -0.14038996398448944, -0.009408215992152691, -0.18347807228565216, 1.029342532157898, 0.09002740681171417, 0.22436495125293732, -0.19946147501468658, 0.4489127993583679, -0.08962854743003845, -0.5774387121200562]",0
投递,"[0.012432865798473358, 0.05643157288432121, 0.007804575841873884, -0.026561839506030083, 0.05594056099653244, -0.012489726766943932, 0.059365998953580856, -0.08089625090360641, -0.01954030431807041, -0.01971506141126156, -0.0022379609290510416, -0.018738867715001106, 0.04678512364625931, 0.042118944227695465, -0.03762459754943848, -0.005501049570739269, -0.03136179596185684, -0.06152389198541641, -0.035150203853845596, -0.10246684402227402, -0.00374073488637805, 0.019945690408349037, -0.04767562448978424, 0.022263964638113976, -0.021401390433311462, -0.04141833633184433, -0.016733327880501747, -0.10616543889045715, 0.013594437390565872, 0.02645033411681652, -0.033738818019628525, 0.011200293898582458, -0.08226343244314194, 0.04903499037027359, 0.00643572211265564, -0.023165462538599968, -0.024739310145378113, 0.07193903625011444, -0.0021011217031627893, 0.04516521468758583, 0.047378942370414734, 0.03244473785161972, -0.06989137828350067, -0.00632737809792161, -0.016453871503472328, 0.07612720876932144, -0.08488553017377853, 0.040247827768325806, -0.02984529361128807, 0.008974479511380196, 0.010803041979670525, -0.04727387800812721, 0.002078036079183221, 0.053947895765304565, 0.017036298289895058, 0.014707051217556, -0.0006631601136177778, 0.022606588900089264, -0.02547597512602806, -0.03417601063847542, -0.04939277097582817, -0.04332678020000458, 0.026144197210669518, -0.04298381134867668, -0.03707133233547211, 0.01945631578564644, -0.004127311520278454, 0.041973505169153214, 0.07844015955924988, -0.026447545737028122, 0.026359090581536293, 0.0049225082620978355, -0.04504544287919998, 0.06669838726520538, 0.009945481084287167, 0.037204742431640625, 0.07421059161424637, 0.05869407579302788, 0.01639564521610737, -0.00967140682041645, 0.03873167186975479, -0.014369768090546131, -0.03530946001410484, 0.00032571982592344284, 0.01652953214943409, 0.06328840553760529, 0.019327368587255478, 0.06588920950889587, -0.047046832740306854, -0.0329606719315052, 0.007538279984146357, 4.829003592021763e-05, -0.04680047184228897, 0.136248379945755, -0.018542606383562088, -0.01259032916277647, -0.03781231865286827, 0.07217858731746674, -0.01707814447581768, -0.04643433168530464]",0
送货上门,"[-0.013883301056921482, 0.0032517272047698498, -0.00023325311485677958, -0.02220991998910904, 0.054933153092861176, -0.012682690285146236, -0.01958858035504818, -0.009007937274873257, -0.026473892852663994, -0.013897828757762909, 0.0028884713537991047, -0.014188796281814575, -0.00952212605625391, 0.02359943464398384, -0.03965398296713829, 0.01921754516661167, -0.01772957853972912, -0.007238269783556461, -0.007630744017660618, -0.042453303933143616, -0.023270979523658752, -0.037375472486019135, -0.0036642001941800117, 0.01877899095416069, -0.04265359789133072, -0.021969715133309364, 0.008289611898362637, -0.024370331317186356, 0.006431414745748043, 0.03534955531358719, -0.0013243218418210745, -0.015070064924657345, 0.030425570905208588, 0.04570889100432396, -0.028137946501374245, -0.005015496164560318, 0.011244628578424454, 0.005200367420911789, -0.02344515547156334, 0.020511895418167114, 0.0365796722471714, 0.004515910055488348, -0.02013859897851944, 0.011723510921001434, 0.00916353426873684, 0.020712509751319885, 0.010405661538243294, 0.004313168581575155, -0.019817637279629707, 0.012628160417079926, -0.03839144855737686, 0.016390139237046242, -0.000323002808727324, 0.006484469398856163, 0.027931006625294685, -0.017146004363894463, -0.009115445427596569, 0.02989436313509941, 0.009265322238206863, -0.017457572743296623, -0.0054089645855128765, 0.004187125246971846, -0.007553853094577789, -0.038748372346162796, -0.022958137094974518, -0.0008246557554230094, -0.0022155086044222116, 0.019087187945842743, 0.0227457657456398, 0.0018731860909610987, 0.00925992801785469, 0.031167510896921158, -0.02301357500255108, 0.021593989804387093, 0.010117310099303722, 0.005763312801718712, 0.044272784143686295, 0.03918811306357384, -0.01992110162973404, -0.01426293607801199, -0.0019383993931114674, 0.018263939768075943, -0.0049345786683261395, -0.047759633511304855, 0.009715867228806019, 0.02511986717581749, 0.007212555501610041, 0.0229809507727623, 0.020476659759879112, 0.01944558136165142, -0.008246065117418766, 0.0014107695315033197, -0.01686815544962883, 0.046804722398519516, -0.013609240762889385, -0.0485672689974308, 0.023667357861995697, 0.010852296836674213, -0.020120816305279732, -0.012812390923500061]",0
网点,"[-0.039120715111494064, 0.00980217196047306, 0.013842763379216194, -0.03777225688099861, 0.05803033709526062, -0.027503259479999542, 0.010842950083315372, -0.026145868003368378, -0.0037636025808751583, 0.004518801346421242, 0.029121465981006622, -0.02790338359773159, -0.006359269376844168, 0.004092490300536156, -0.0696093887090683, -0.013617237098515034, -0.030486993491649628, -0.0280831940472126, -0.03492015227675438, -0.050287745893001556, -0.014969890005886555, 0.024392658844590187, -0.04412880912423134, 0.01388408150523901, -0.04012161120772362, -0.06213093921542168, -0.019086265936493874, -0.04707825928926468, 0.024828331544995308, 0.03281823545694351, -0.0025615068152546883, -0.037648629397153854, -0.02492709457874298, 0.07086862623691559, -0.026389895007014275, -0.050470832735300064, -0.03553374856710434, 0.03234011307358742, -0.04075275734066963, 0.002987744752317667, 0.043782636523246765, 0.026372715830802917, -0.06688379496335983, 0.03377179056406021, -0.00322463596239686, 0.061061568558216095, -0.024108191952109337, 0.025373335927724838, -0.027651317417621613, 0.027414342388510704, -0.07935913652181625, -0.005496534984558821, -0.020259123295545578, 0.013936959207057953, 0.017973890528082848, -0.0249412190169096, -0.026728352531790733, 0.013601391576230526, 0.03241144120693207, -0.04491687938570976, -0.020185409113764763, -0.02941976487636566, 0.0075804973021149635, -0.05513191968202591, -0.03303803876042366, 0.029785245656967163, 0.015558351762592793, 0.04362177103757858, 0.08011426776647568, -0.001744016888551414, 0.03217821940779686, 0.03156405687332153, -0.043130140751600266, 0.05933219939470291, -0.014730026014149189, 0.010946336202323437, 0.044355608522892, 0.045967500656843185, 0.0023801240604370832, -0.004463945981115103, 0.018833491951227188, -0.007353486493229866, -0.019376343116164207, -0.06027214229106903, 0.004510731436312199, 0.051741525530815125, 0.02715563215315342, 0.054327741265296936, -0.00033603119663894176, 0.02112521603703499, 0.01214627269655466, 0.007169165648519993, -0.0329899936914444, 0.0675668865442276, -0.0036082130391150713, -0.009753918275237083, 0.04286051541566849, 0.025158263742923737, -0.040510404855012894, -0.03133196383714676]",0
月份,"[-0.34512194991111755, 0.09747078269720078, -0.0629432201385498, -0.1973659247159958, -0.08807045966386795, -0.03375941514968872, 0.33760446310043335, -0.25440919399261475, 0.23361392319202423, 0.009707785211503506, 0.25879544019699097, -0.2605460584163666, 0.2710759937763214, -0.2528199255466461, -0.08974364399909973, -0.2460767924785614, -0.04704522714018822, -0.39027127623558044, -0.09387911111116409, -0.5554338693618774, 0.07804861664772034, 0.44134610891342163, -0.09166282415390015, 0.2554570734500885, 0.045161131769418716, -0.3684386610984802, -0.21387706696987152, -0.32212334871292114, 0.39551761746406555, -0.026109281927347183, -0.15433178842067719, -0.1808989942073822, -0.29199934005737305, 0.24241851270198822, -0.1647765338420868, -0.19538666307926178, -0.21555489301681519, 0.25196176767349243, -0.02117244526743889, -0.17675337195396423, -0.056955818086862564, 0.33285224437713623, -0.4716116786003113, 0.17256306111812592, 0.22184878587722778, 0.1397615671157837, -0.2937501072883606, -0.0304279625415802, 0.0869089663028717, -0.0629446730017662, -0.06358160823583603, -0.41460153460502625, -0.11257798224687576, 0.0625319704413414, -0.3148830831050873, 0.14303453266620636, -0.11206436902284622, -0.05373537540435791, 0.11437810957431793, -0.34361350536346436, -0.3655044138431549, -0.18621374666690826, 0.300359308719635, -0.36968931555747986, -0.00821514893323183, 0.02755955047905445, 0.1898934245109558, 0.13074518740177155, 0.3841519057750702, 0.03788452222943306, 0.2884902358055115, 0.13136890530586243, -0.3390006721019745, 0.34172290563583374, -0.03821735456585884, -0.0724252462387085, 0.16090622544288635, 0.3155815601348877, 0.13124045729637146, -0.010424134321510792, 0.26979362964630127, -0.09498477727174759, -0.22398512065410614, -0.11897768080234528, 0.020490482449531555, 0.321614533662796, 0.19674140214920044, 0.301270991563797, -0.17785495519638062, -0.20885320007801056, -0.03223533555865288, 0.14060615003108978, -0.010774084366858006, 0.47636520862579346, -0.09714639186859131, 0.30920812487602234, -0.0360976904630661, 0.2055789977312088, -0.04832151159644127, 0.10739157348871231]",0
西地省,"[0.13438168168067932, 0.3512771427631378, 0.10791391134262085, -0.4016929864883423, 0.18524235486984253, -0.6467282176017761, 0.5242167711257935, -0.47518405318260193, -0.05828165262937546, 0.11328806728124619, 0.21991406381130219, 0.03177935257554054, 0.40681007504463196, 0.3665063679218292, -0.6397371292114258, -0.2818865180015564, -0.13507163524627686, -0.7686077356338501, -0.613018810749054, -1.0143331289291382, 0.12858490645885468, 1.0096384286880493, -0.6425880789756775, 0.11773251742124557, 0.2516447603702545, -0.8957631587982178, 0.11570081859827042, -1.0268495082855225, -0.2480326145887375, 0.4410504698753357, 0.012231836095452309, 0.29436713457107544, -1.3301090002059937, 0.27035441994667053, 0.5306891798973083, -0.453063428401947, -0.8796344995498657, 0.7254104018211365, -0.39030662178993225, -0.014044933021068573, 0.19033211469650269, 0.34357789158821106, -0.4021199345588684, -0.0971464067697525, -0.5865499973297119, 0.5209366083145142, -0.9534918665885925, 0.4637695550918579, -0.14961430430412292, 0.5636545419692993, -0.27478280663490295, -0.6429209113121033, 0.0926022157073021, 0.20212624967098236, 0.141866073012352, 0.27923470735549927, 0.06354142725467682, -0.6334763765335083, 0.1106049045920372, -0.3612334132194519, -0.3894266188144684, -0.16966909170150757, 0.250735878944397, -0.22466081380844116, -0.4726570248603821, 0.43031880259513855, 0.04884902760386467, 0.37282440066337585, 1.107020616531372, -0.3109976053237915, 0.026165084913372993, -0.19775816798210144, -0.22857919335365295, 0.735923707485199, -0.5133552551269531, 0.20592547953128815, 0.4160544276237488, 0.11976264417171478, 0.5991540551185608, -0.1703406572341919, 0.44047901034355164, -0.3392086625099182, -0.2843186557292938, -0.002455559093505144, 0.3230232298374176, 0.2658834159374237, 0.03319209814071655, 0.687606155872345, -0.6456490159034729, -0.2938024699687958, 0.20187751948833466, -0.0647023469209671, -0.26833319664001465, 0.8528627753257751, 0.20037470757961273, 0.6879175901412964, 0.01891145296394825, 0.4415816366672516, 0.13049471378326416, -0.6537877917289734]",0
l6,"[0.02262800931930542, 0.017700491473078728, -0.01621236652135849, -0.047284625470638275, 0.07856114953756332, -0.058712564408779144, -0.004344392102211714, -0.03501381352543831, 0.005595359485596418, 0.010981825180351734, -0.024916457012295723, -0.01748378947377205, -0.010235265828669071, 0.014466389082372189, -0.06983241438865662, -0.019957348704338074, -0.0052493661642074585, -0.007741232868283987, -0.07573114335536957, -0.052260883152484894, -0.08673643320798874, 0.10375910252332687, -0.10799901932477951, -0.006222124211490154, -0.019670484587550163, -0.07052770256996155, -0.02771344594657421, -0.021278204396367073, -0.02032717876136303, 0.0707230418920517, -0.010029129683971405, 0.03532790392637253, -0.1281001716852188, 0.020477743819355965, 0.05254334583878517, -0.07094184309244156, -0.055484093725681305, 0.06569980829954147, -0.051557522267103195, 0.01748572662472725, 0.0927620679140091, 0.011503494344651699, -0.030914416536688805, -0.02881847508251667, -0.0950251966714859, 0.0847463384270668, -0.04499448463320732, 0.0999482050538063, -0.07321159541606903, 0.07720286399126053, -0.05398941412568092, -0.03389111906290054, -0.031633395701646805, 0.0261318851262331, 0.1202152818441391, -0.029829256236553192, 0.0039361873641610146, -0.02032892033457756, 0.022295640781521797, 0.02919268235564232, -0.0007791247917339206, -0.04305211827158928, 0.016942590475082397, 0.03929883614182472, 0.014479349367320538, 0.07945115119218826, 0.04260757938027382, 0.028192080557346344, 0.054893750697374344, -0.06587249785661697, -0.0365125872194767, -0.009814033284783363, 0.01691971905529499, 0.15725460648536682, -0.1116858571767807, -0.011942178010940552, 0.05322067439556122, -0.04572140797972679, 0.03675912320613861, 0.024876942858099937, 0.012252132408320904, -0.035843975841999054, -0.007599125150591135, -0.023432187736034393, 0.0010884827934205532, 0.07263238728046417, 0.0007017765310592949, 0.03705144673585892, -0.11220722645521164, 0.01191636361181736, 0.08079155534505844, -0.046471595764160156, -0.05025425925850868, 0.05268773436546326, 0.006458189804106951, 0.05506353825330734, 0.07715682685375214, 0.04699752852320671, -0.04184991866350174, -0.08731069415807724]",0
收取,"[0.10986121743917465, 0.16476289927959442, -0.0016361423768103123, -0.10580694675445557, 0.245408833026886, 0.006219298578798771, 0.12447720766067505, -0.20806406438350677, -0.051255203783512115, -0.044027142226696014, 0.018941285088658333, -0.012967532500624657, 0.02043435536324978, 0.1072089821100235, -0.12194231897592545, -0.12428654730319977, -0.175054669380188, -0.2935343384742737, -0.15967559814453125, -0.26882702112197876, -0.17257870733737946, 0.19882625341415405, -0.3460574448108673, 0.027447110041975975, -0.1830691695213318, -0.27164414525032043, 0.004283353686332703, -0.3687790334224701, 0.038709063082933426, 0.13869024813175201, -0.014841733500361443, -0.10334821045398712, -0.14221280813217163, 0.24158047139644623, 0.056170325726270676, -0.1308874785900116, -0.13563032448291779, 0.347164511680603, -0.005822501145303249, 0.1025194302201271, 0.24440163373947144, 0.09842927753925323, -0.16476669907569885, 0.07958394289016724, -0.0034433610271662474, 0.3750905990600586, -0.1575910747051239, 0.16965486109256744, -0.09127195179462433, 0.044031232595443726, -0.06594386696815491, -0.1540079563856125, 0.06137740984559059, -0.030183982104063034, 0.002277451567351818, -0.07461465895175934, 0.07181651145219803, 0.100514255464077, 0.03562880679965019, -0.049673788249492645, -0.3013363480567932, -0.16829337179660797, 0.12311062216758728, -0.22043943405151367, -0.1489478200674057, 0.0013416201109066606, -0.004930318798869848, 0.18821801245212555, 0.22111766040325165, 0.004740756005048752, -0.08716920763254166, 0.16183583438396454, -0.3122052252292633, 0.3457362949848175, 0.029435710981488228, 0.04029108211398125, 0.32956987619400024, 0.19796188175678253, -0.10701189935207367, 0.014224142767488956, 0.14393773674964905, 0.0008494811481796205, -0.121846504509449, -0.109017513692379, 0.08885843306779861, 0.31375935673713684, -0.09342428296804428, 0.30784356594085693, -0.09360740333795547, -0.029169388115406036, -0.01787741854786873, 0.02397923544049263, -0.22923217713832855, 0.3203747868537903, -0.03505081310868263, -0.01387443020939827, -0.05508376285433769, 0.1515536904335022, -0.08982262760400772, -0.2201295644044876]",0
唯品,"[-0.004526549018919468, 0.01655385084450245, 0.006039108149707317, -0.00682581914588809, 0.025940585881471634, -0.010595030151307583, 0.00891696847975254, -0.020492877811193466, -0.00860899593681097, 0.00017051656323019415, 0.006488918326795101, -0.0034237459767609835, 0.007014482747763395, 0.018581073731184006, -0.03208179399371147, -0.006868337746709585, -0.01562725566327572, -0.020133601501584053, -0.012084469199180603, -0.035856060683727264, 0.00139198312535882, -0.0004900205531157553, -0.009668841026723385, 0.008138243108987808, -0.006516268011182547, -0.026657184585928917, 0.0018062290037050843, -0.03779388591647148, 0.003948958124965429, 0.010475356131792068, -0.0033549440558999777, -0.011822897009551525, -0.01266245823353529, 0.027494482696056366, -0.0015308123547583818, -0.01553451456129551, -0.01296965405344963, 0.015156877227127552, -0.0025470613036304712, 0.0029952891636639833, 0.01784803904592991, -0.0002781587827485055, -0.017097726464271545, 0.007995376363396645, -0.009099489077925682, 0.018917955458164215, -0.019971512258052826, 0.008381679654121399, -0.01117257121950388, 0.00873163528740406, -0.016168801113963127, -0.013534321449697018, -0.003021910786628723, 0.010038187727332115, 0.007251570001244545, 0.007393325679004192, -0.000712441629730165, 0.0021307726856321096, -0.004001580644398928, -0.0188074242323637, -0.014895204454660416, -0.006782142911106348, 0.007421193644404411, -0.02689545974135399, -0.020248444750905037, 0.0041982089169323444, 0.0039340779185295105, 0.02397233061492443, 0.028410257771611214, -0.001322499243542552, 0.011810369789600372, 0.003885001642629504, -0.017262104898691177, 0.02091282419860363, 0.0019087971886619925, 0.019166158512234688, 0.029300827533006668, 0.02982661873102188, 0.008317128755152225, -0.007754635531455278, 0.014928378164768219, -0.003532995702698827, -0.019633248448371887, -0.015048431232571602, 0.01837574504315853, 0.012980280444025993, -0.006796856876462698, 0.0245260838419199, -0.00555212190374732, -0.004442520439624786, 0.007131154648959637, 0.010847058147192001, -0.01514580100774765, 0.040237244218587875, -0.005037129856646061, 0.0004883611109107733, -0.005122669041156769, 0.01482084859162569, -0.013426994904875755, -0.017294999212026596]",0
两块钱,"[0.014379060827195644, 0.009918826632201672, 0.0031389365904033184, -0.011361056007444859, 0.03049168549478054, -0.003657788271084428, 0.010936912149190903, -0.01138684805482626, -0.01538639422506094, -0.005986337549984455, -0.005193416494876146, -0.005531779956072569, 0.003737859893590212, 0.015355323441326618, -0.009568853303790092, 0.0024640224874019623, -0.014385637827217579, -0.018170859664678574, -0.004683380480855703, -0.011040513403713703, -0.00588045222684741, -0.0036249584518373013, -0.019565235823392868, -0.005345642101019621, -0.021857982501387596, -0.012085902504622936, 0.0031724227592349052, -0.03075992316007614, 0.0013626555446535349, 0.022512121126055717, -0.0008356679463759065, -0.008754696696996689, -0.0008780645439401269, 0.023370683193206787, -0.0034659954253584146, -0.007823013700544834, -0.013130237348377705, 0.02680104225873947, -0.006318203639239073, 0.011140617541968822, 0.02394768036901951, 0.0157459806650877, -0.022421905770897865, -0.0010694393422454596, -0.0012386995367705822, 0.031959909945726395, -0.009899682365357876, 0.0033583720214664936, -0.009353265166282654, 0.005249478854238987, -0.007423733361065388, 0.009177627973258495, 0.0177067369222641, 0.013376862742006779, 0.004976070020347834, -0.00933416374027729, 0.0014062296831980348, 0.022538410499691963, 0.012562221847474575, -0.007949738763272762, -0.017991075292229652, -0.007668907288461924, -0.00040235419874079525, -0.02267216145992279, -0.021618319675326347, 0.008380898274481297, -0.012580295093357563, 0.009154964238405228, 0.025465600192546844, -0.004761515185236931, -0.005214025266468525, 0.016912369057536125, -0.027224276214838028, 0.015667172148823738, 0.006342935375869274, 0.002330986550077796, 0.022915763780474663, 0.01248983759433031, -0.012805749662220478, -0.002204746473580599, 0.001302834483794868, 0.012865629978477955, -0.0045224991627037525, -0.016269179061055183, -0.0072014243341982365, 0.022287698462605476, -0.00045945958117954433, 0.02021610736846924, 0.0036679331678897142, -0.0011024810373783112, -0.008672578260302544, 0.0026306952349841595, -0.02321751043200493, 0.02673201821744442, 0.002296456601470709, -0.03155970200896263, -0.0003052764222957194, 0.013933283276855946, -0.0018044027965515852, -0.02014263905584812]",0
明明,"[-0.008756931871175766, 0.01483813114464283, -0.019147964194417, -0.03680036589503288, 0.05512326955795288, -0.012314760126173496, 0.013387764804065228, -0.028322573751211166, -0.006258621346205473, -0.013975868932902813, -0.006758460309356451, -0.016907483339309692, 0.0023302468471229076, 0.003651523729786277, -0.010908138938248158, -0.011060071177780628, -0.01672988384962082, -0.025032736361026764, -0.014395292848348618, -0.03362082690000534, -0.020510414615273476, -0.006992551498115063, -0.027393372729420662, 0.019275229424238205, -0.05516299977898598, -0.041880082339048386, -0.015445775352418423, -0.03463251143693924, 0.015130245126783848, 0.0520276203751564, -0.006877032108604908, -0.020177509635686874, -0.016144609078764915, 0.0391036681830883, -0.029673678800463676, -0.01702580414712429, -0.014578762464225292, 0.04372382164001465, -0.02733960933983326, 0.029278630390763283, 0.035225775092840195, 0.0454544723033905, -0.06780822575092316, 0.008235535584390163, 0.019603414461016655, 0.05271706357598305, -0.022470692172646523, 0.011826368048787117, -0.037272799760103226, 0.011849998496472836, -0.033432383090257645, 0.024180075153708458, 0.026975978165864944, 0.03820561245083809, 0.006880120374262333, -0.017577875405550003, -0.0155834024772048, 0.050344787538051605, 0.037716642022132874, -0.02188815362751484, -0.025640442967414856, -0.020694462582468987, -0.0009631976718083024, -0.04671251028776169, -0.037929438054561615, 0.013191429898142815, -0.015471591614186764, 0.029092375189065933, 0.04803358018398285, -0.010089647024869919, 0.009340334683656693, 0.03740445896983147, -0.04974919930100441, 0.04851948842406273, -0.0004973560571670532, -0.021551482379436493, 0.03851307928562164, 0.025828668847680092, -0.02582705207169056, -0.004946311470121145, 0.009717325679957867, 0.027854936197400093, 0.0050980220548808575, -0.04618484526872635, -0.03358475863933563, 0.05080658197402954, 0.03051028773188591, 0.04250788316130638, -0.001591511070728302, -0.011244956403970718, -0.01347440667450428, 0.010009457357227802, -0.04618476703763008, 0.06290122866630554, -0.0023244640324264765, -0.05186082422733307, 0.014876460656523705, 0.039313629269599915, -0.022460974752902985, -0.024477077648043633]",0
东西,"[0.03145798668265343, 0.14271637797355652, 0.03512299805879593, -0.06553660333156586, 0.18270692229270935, -0.033017005771398544, 0.12111120671033859, -0.14698660373687744, -0.0695897787809372, -0.0005814406322315335, -0.005642080679535866, 0.012079300358891487, 0.008529223501682281, 0.14148549735546112, -0.11958979070186615, -0.04426685720682144, -0.11472271382808685, -0.1407899409532547, -0.12557865679264069, -0.13013885915279388, 4.594308484229259e-05, 0.07855972647666931, -0.20738670229911804, 0.03892240300774574, -0.12210927158594131, -0.13302327692508698, -0.04714690521359444, -0.2622927725315094, 0.002532136859372258, 0.0651005208492279, -0.008062259294092655, -0.058477360755205154, -0.18667647242546082, 0.13308529555797577, 0.004819393623620272, -0.11247168481349945, -0.10710904747247696, 0.19487738609313965, -0.0500444620847702, 0.08490701019763947, 0.139378160238266, 0.09898436814546585, -0.15164287388324738, 0.023602500557899475, -0.03795459493994713, 0.2400355488061905, -0.15950998663902283, 0.13598400354385376, -0.061906859278678894, 0.06868374347686768, -0.05504320561885834, -0.07018204778432846, 0.014544345438480377, 0.0608549565076828, 0.01537412777543068, -0.02879844605922699, 0.020433655008673668, 0.037515025585889816, -0.01897699385881424, -0.09894031286239624, -0.13588355481624603, -0.11359630525112152, 0.04282744601368904, -0.1230684369802475, -0.1447458118200302, 0.03629422187805176, -0.014385613612830639, 0.13134539127349854, 0.22521613538265228, -0.055783092975616455, -0.007926275953650475, 0.0345868356525898, -0.14404012262821198, 0.18261222541332245, 0.037898533046245575, 0.07155077904462814, 0.17349329590797424, 0.08576928079128265, -0.002363852458074689, 0.012156764045357704, 0.09512202441692352, -0.06641191244125366, -0.10568643361330032, -0.04565197974443436, 0.03062213398516178, 0.1450047492980957, 0.016451489180326462, 0.19143621623516083, -0.05914543196558952, -0.04091441631317139, -0.019741078838706017, -0.004067111760377884, -0.13526390492916107, 0.2203356772661209, 0.0044772932305932045, -0.0682101771235466, -0.05397205427289009, 0.11333408951759338, -0.09276121109724045, -0.1787983775138855]",0
收钱,"[-0.024674000218510628, 0.0375862792134285, -0.01933998428285122, -0.04500709846615791, 0.06868558377027512, -0.020436350256204605, 0.0170549638569355, -0.026890788227319717, -0.04003389924764633, -0.018924569711089134, -0.014059408567845821, 0.00026691172388382256, 0.011373127810657024, 0.0468650683760643, -0.06528257578611374, 0.020704645663499832, -0.020831838250160217, -0.027458492666482925, -0.03759069740772247, -0.07035326212644577, 0.02003917656838894, -0.02366417460143566, -0.028366180136799812, 0.03578581288456917, -0.06004840508103371, -0.04290762543678284, -0.013823695480823517, -0.08458571881055832, 0.006023169029504061, 0.07100865244865417, 0.0038973791524767876, -0.015228443779051304, -0.04110288247466087, 0.054739780724048615, -0.04617917537689209, -0.01955084316432476, -0.011506052687764168, 0.04637692868709564, -0.06859730184078217, 0.03594055771827698, 0.05341748520731926, 0.06233542412519455, -0.08184318244457245, 0.005258950404822826, 0.005496453493833542, 0.05158894509077072, -0.05377960577607155, 0.018386635929346085, -0.03776194527745247, 0.03926295042037964, -0.0657009705901146, 0.004566160496324301, 0.02650412730872631, 0.06276335567235947, 0.01845437102019787, -0.008504842408001423, -0.024638023227453232, 0.03838476166129112, 0.01708909310400486, -0.04605584964156151, -0.0030039253178983927, -0.023719189688563347, -0.009312489069998264, -0.04266827553510666, -0.06438776105642319, 0.04160176217556, -0.022424977272748947, 0.044216904789209366, 0.11213313043117523, -0.02670791745185852, 0.03632066771388054, 0.020966166630387306, -0.04909846559166908, 0.06145409122109413, 0.019158270210027695, -0.002249627374112606, 0.059215374290943146, 0.044213324785232544, -0.001968764467164874, -0.006071294192224741, 0.029480107128620148, 0.012408877722918987, -0.01633043773472309, -0.050599586218595505, -0.0070637669414281845, 0.05377747863531113, 0.05408607795834541, 0.06389890611171722, -0.006805914919823408, -0.015576363541185856, -0.020418602973222733, -0.0008194110123440623, -0.03845800831913948, 0.12122321128845215, 0.007389057893306017, -0.06614220887422562, 0.01927855983376503, 0.050009049475193024, -0.024052070453763008, -0.04423665255308151]",0
希望,"[0.7075669765472412, 0.688652753829956, -0.11837323755025864, -0.31292614340782166, 0.3284202218055725, -0.017695875838398933, 0.694150447845459, -0.5958320498466492, -0.3594678044319153, -0.4648740589618683, -0.04370636120438576, 0.08121828734874725, 0.20685599744319916, 0.017586704343557358, -0.11468342691659927, -0.1779930144548416, -0.2698705494403839, -0.7235053777694702, -0.3825799226760864, -0.4671613574028015, -0.375138521194458, 0.2845572233200073, -1.077769160270691, -0.2755160629749298, -0.41681477427482605, -0.6866617798805237, 0.0895603597164154, -0.7554746866226196, -0.31306299567222595, 0.5765982866287231, -0.17452193796634674, 0.2320336550474167, -0.756309986114502, 0.462682843208313, 0.30004188418388367, 0.003597911214455962, -0.4274052083492279, 1.2759742736816406, -0.03527877852320671, 0.6015929579734802, 0.4036566913127899, 0.36587241291999817, -0.5749885439872742, 0.048449765890836716, -0.0802280381321907, 1.0669960975646973, -0.848949134349823, 0.4942817986011505, -0.21960310637950897, 0.003438592655584216, -0.04068409278988838, -0.03608616068959236, 0.5293798446655273, 0.6728079915046692, -0.02541990950703621, -0.26659151911735535, 0.18138429522514343, 0.4955756962299347, 0.1972350925207138, 0.35983186960220337, -0.34850412607192993, -0.5792316198348999, 0.01523752510547638, -0.5028230547904968, -0.2804560959339142, 0.29200437664985657, -0.359618216753006, 0.3618546724319458, 0.8664138317108154, 0.0030622719787061214, -0.1797357052564621, 0.33363887667655945, -0.9148499369621277, 0.9478604197502136, 0.08880256116390228, -0.05418463796377182, 0.7018177509307861, 0.46860629320144653, -0.4012511372566223, 0.2056889832019806, 0.12206872552633286, 0.5592165589332581, 0.08905278891324997, -0.19572806358337402, -0.306453675031662, 0.8613347411155701, 0.026178013533353806, 0.8578979969024658, -0.3725338876247406, -0.3116794228553772, -0.0468192882835865, 0.015358745120465755, -1.1181342601776123, 1.1197038888931274, 0.034153591841459274, -0.26019102334976196, -0.43188562989234924, 0.609703540802002, 0.06385385245084763, -0.6851258873939514]",0
解决,"[0.19598376750946045, 0.49930688738822937, -0.15108799934387207, -0.36423128843307495, 0.5428603887557983, 0.006549800746142864, 0.3652195632457733, -0.4928057789802551, -0.24857333302497864, -0.33399698138237, -0.15495869517326355, -0.059251848608255386, 0.14910590648651123, 0.13943752646446228, -0.21726037561893463, -0.021548891440033913, -0.15557006001472473, -0.367656409740448, -0.30827319622039795, -0.5154121518135071, -0.25897887349128723, -0.03746951371431351, -0.5805066823959351, 0.1398618519306183, -0.5239096283912659, -0.36645597219467163, -0.20234867930412292, -0.6152962446212769, 0.03469056636095047, 0.4777853786945343, -0.13533568382263184, 0.03299706429243088, -0.5633314847946167, 0.4464542269706726, -0.1493462473154068, -0.0989503413438797, -0.055517684668302536, 0.7809898853302002, -0.21809059381484985, 0.48235970735549927, 0.44974038004875183, 0.43173545598983765, -0.663070559501648, 0.040590763092041016, 0.04076912999153137, 0.7694666385650635, -0.5565361380577087, 0.3691917955875397, -0.34031495451927185, 0.06460213661193848, -0.1726451963186264, -0.06429145485162735, 0.2729438245296478, 0.5396363735198975, 0.18444156646728516, -0.21624906361103058, -0.03676433488726616, 0.5854483842849731, 0.0906413272023201, 0.0020742539782077074, -0.2476012110710144, -0.4136941730976105, 0.0388878732919693, -0.3549754023551941, -0.27464839816093445, 0.22235403954982758, -0.14351698756217957, 0.3581397533416748, 0.6716440320014954, -0.17079918086528778, 0.0804191380739212, 0.2903745472431183, -0.5763648152351379, 0.8317787051200867, 0.1695294827222824, -0.03268233686685562, 0.6569036841392517, 0.41854560375213623, -0.25257962942123413, 0.1650877147912979, 0.19304227828979492, 0.23777753114700317, -0.08802178502082825, -0.30544763803482056, -0.225340336561203, 0.7475588917732239, 0.24594266712665558, 0.6193695068359375, -0.27116936445236206, -0.2837701439857483, -0.06169016659259796, -0.001182190841063857, -0.6817423701286316, 1.0764168500900269, -0.11630324274301529, -0.5066996812820435, -0.07851061969995499, 0.5419681668281555, -0.20320910215377808, -0.461465060710907]",0
m3,"[0.05136081576347351, 0.0827593058347702, 0.09517215192317963, -0.05341140553355217, 0.13803482055664062, -0.2358352690935135, 0.0681169331073761, -0.11663880944252014, 0.0007879197946749628, 0.106268011033535, -0.020504100248217583, -0.012789404951035976, 0.051399391144514084, 0.17679479718208313, -0.17100057005882263, -0.005036562215536833, 0.01439789030700922, 0.03852369263768196, -0.11340832710266113, -0.06672530621290207, -0.049406588077545166, 0.17027592658996582, -0.024333531036973, -0.08814037591218948, 0.061373718082904816, -0.08682042360305786, -0.04766432195901871, -0.1029660552740097, -0.10237209498882294, 0.11469808220863342, -0.04572213441133499, 0.20562618970870972, -0.3847842514514923, -0.035200003534555435, 0.14336887001991272, -0.14404049515724182, -0.20239590108394623, 0.06047365441918373, -0.14942850172519684, 0.062218040227890015, 0.10546205937862396, 0.008580166846513748, -0.059045493602752686, -0.15246225893497467, -0.3099533021450043, 0.11761969327926636, -0.21047912538051605, 0.1860969364643097, -0.14593903720378876, 0.2048017829656601, -0.05147559195756912, -0.027231039479374886, -0.06477268040180206, 0.1728905588388443, 0.24456293880939484, 0.02251536399126053, -0.039712801575660706, -0.12459632009267807, 0.01103170495480299, -0.08965388685464859, 0.0005284881917759776, 0.013835115358233452, -0.02169916406273842, 0.05418695881962776, -0.06007664278149605, 0.1550108790397644, 0.020521091297268867, 0.015543680638074875, 0.201861172914505, -0.17938736081123352, -0.007504988461732864, -0.14920343458652496, 0.1103903278708458, 0.16888386011123657, -0.2214256376028061, 0.10077722370624542, -0.00859505869448185, -0.12253718078136444, 0.2229110300540924, 0.003046817146241665, 0.04286229610443115, -0.09624044597148895, -0.028913842514157295, 0.05939311534166336, -0.0020947393495589495, -0.049424730241298676, 0.065421923995018, -0.006541735026985407, -0.1549980491399765, -0.024908652529120445, 0.14175952970981598, -0.09056492149829865, -0.11779951304197311, 0.110554538667202, 0.08972981572151184, 0.01684103161096573, 0.09447480738162994, 0.09901285916566849, 0.021038204431533813, -0.21018058061599731]",0
街区,"[-0.009682197123765945, 0.012219700030982494, 0.00029960862593725324, -0.011919471435248852, 0.03532024845480919, -0.005221456289291382, -0.0002589476644061506, -0.013811815530061722, -0.008215467445552349, -0.0018157183658331633, 0.0029901068191975355, 0.0007968603749759495, -0.012315594591200352, 0.025417465716600418, -0.03527076169848442, -0.014238918200135231, -0.027389174327254295, -0.028909679502248764, -0.034289125353097916, -0.027601076290011406, -0.003325240220874548, 0.024492328986525536, -0.055242303758859634, 0.012889047153294086, -0.029275869950652122, -0.038977112621068954, -0.008076518774032593, -0.03670563921332359, 0.001503083505667746, 0.014700612984597683, 0.02140946500003338, -0.02602052129805088, -0.023747602477669716, 0.028343437239527702, -0.0020911586470901966, -0.023924127221107483, -0.026653742417693138, 0.024873042479157448, -0.02177179418504238, 0.003580913646146655, 0.028219811618328094, 0.01866956055164337, -0.023073382675647736, 0.017923051491379738, 0.001030217856168747, 0.037628836929798126, -0.010722102597355843, 0.01951397955417633, -0.014122691936790943, 0.026944981887936592, -0.04465637356042862, -0.007255526725202799, 0.005647123325616121, -0.004695274867117405, 0.0006676978664472699, -0.015238724648952484, 0.00045411346945911646, -0.0024588564410805702, 0.013753070496022701, -0.016224520280957222, -0.022881129756569862, -0.01858687587082386, 0.006113626528531313, -0.02249385043978691, -0.02802349627017975, 0.0072843162342906, -0.003327570855617523, 0.028045328333973885, 0.03620130196213722, -0.005053421948105097, -0.003995631355792284, 0.016879364848136902, -0.03098735585808754, 0.042767997831106186, 0.0005679014138877392, 0.008396302349865437, 0.02748130075633526, 0.011593053117394447, -0.0009936095448210835, -0.0009062315803021193, 0.01628679409623146, -0.007358910515904427, -0.014496579766273499, -0.019818469882011414, 0.0028951119165867567, 0.03454522415995598, 0.0006042014574632049, 0.03981580585241318, -0.011179584078490734, 0.011659996584057808, 0.00025959571939893067, 0.0021623121574521065, -0.015739968046545982, 0.026588963344693184, 0.003040040610358119, -0.008991134352982044, 0.013473302125930786, 0.01362626627087593, -0.024672891944646835, -0.02778129279613495]",0
历来,"[-0.017959196120500565, 0.0022689455654472113, -0.00830805953592062, -0.023977991193532944, 0.03329776972532272, 0.00016997444618027657, 0.009378420189023018, -0.012026457116007805, -0.005749478004872799, 3.8485610275529325e-05, 0.013192127458751202, -0.006195853929966688, -0.011719837784767151, 0.009998522698879242, -0.03190096467733383, -0.009849248453974724, -0.02508319541811943, -0.02720392495393753, -0.022775478661060333, -0.04417018964886665, -0.010638732463121414, 0.021849500015378, -0.04834538325667381, 0.014517921023070812, -0.02866065688431263, -0.03586837649345398, -0.007614148780703545, -0.04148827865719795, 0.010156713426113129, 0.020614391192793846, 0.002812977647408843, -0.029767446219921112, -0.0108534786850214, 0.041175320744514465, -0.008471135050058365, -0.02879556082189083, -0.02381299063563347, 0.032895658165216446, -0.023775845766067505, 0.0025105129461735487, 0.029116079211235046, 0.020832661539316177, -0.030149010941386223, 0.021250814199447632, 0.013017409481108189, 0.039776597172021866, -0.011545189656317234, 0.019917601719498634, -0.011521062813699245, 0.013286035507917404, -0.04846585541963577, -0.0051222555339336395, 0.012438560836017132, 0.003819126635789871, -0.0038457599002867937, -0.017023542895913124, -0.003053730819374323, 0.011887555941939354, 0.022949829697608948, -0.01830151490867138, -0.015348425135016441, -0.026972992345690727, 0.0037716899532824755, -0.02951364405453205, -0.022028176113963127, 0.014676771126687527, 0.0036958816926926374, 0.03363587334752083, 0.047333888709545135, -0.001293384237214923, 0.008632846176624298, 0.026538681238889694, -0.04163799807429314, 0.04306797683238983, -0.0021195090375840664, 0.0008431673049926758, 0.0379028245806694, 0.0304295402020216, -0.008016353473067284, 0.0022309536579996347, 0.01052258349955082, 0.004236928187310696, -0.013435632921755314, -0.0283342357724905, 0.0037653495091944933, 0.04185532405972481, 0.015976686030626297, 0.04447626322507858, -0.009196248836815357, 0.007085740100592375, 0.005814880132675171, 0.009256720542907715, -0.017211303114891052, 0.04709501564502716, -0.004528318531811237, -0.008965558372437954, 0.013641221448779106, 0.011022438295185566, -0.028626179322600365, -0.019061097875237465]",0
上门,"[0.0515575148165226, 0.039635106921195984, 0.0003981059417128563, -0.00899047777056694, 0.07380212098360062, -0.020644979551434517, 0.002276624785736203, -0.031075868755578995, -0.04645807296037674, -0.006840070243924856, -0.051094964146614075, 0.040385495871305466, -0.007882044650614262, 0.08167095482349396, -0.05154719948768616, 0.018346160650253296, -0.0268008504062891, -0.02659914270043373, -0.048551492393016815, -0.052351780235767365, -0.03676526993513107, 0.03508618101477623, -0.07846119999885559, 0.021450119093060493, -0.03437243402004242, -0.012821109034121037, 0.007629563100636005, -0.08962897956371307, -0.05898082256317139, 0.0348176546394825, 0.01917661540210247, 0.0219653882086277, -0.09112810343503952, 0.01404726505279541, 0.04899482801556587, -0.02776199020445347, -0.009361645206809044, 0.055142275989055634, -0.027220776304602623, 0.046088553965091705, 0.06266218423843384, 0.0038811340928077698, 0.010377653874456882, -0.02252056822180748, -0.06273964792490005, 0.07319729030132294, -0.0452607162296772, 0.07313110679388046, -0.04551823437213898, 0.05640137568116188, -0.017098065465688705, -0.029789770022034645, 0.019363265484571457, 0.0017821062356233597, 0.07444137334823608, -0.013579812832176685, 0.020869938656687737, -0.008614434860646725, -0.03708676993846893, 0.020043356344103813, -0.021107783541083336, -0.0210135355591774, -0.00172714376822114, 0.03389919921755791, -0.043112773448228836, 0.024458423256874084, -0.006451085209846497, 0.04258217662572861, 0.03360215574502945, -0.050963882356882095, -0.04292141646146774, -0.013399116694927216, 0.0014727815287187696, 0.07790185511112213, -0.010903538204729557, 0.025573700666427612, 0.07554012537002563, -0.004470788408070803, 0.02213718742132187, 0.008693032898008823, 0.014086324721574783, -0.04408501088619232, -0.031182533130049706, 0.01762552373111248, 0.039099227637052536, 0.04273606836795807, -0.014017844572663307, 0.05122019723057747, -0.06716013699769974, -0.003472779178991914, 0.027160167694091797, -0.04467074200510979, -0.033957988023757935, 0.06342323124408722, -0.00154442701023072, -0.007836805656552315, -0.0016942755319178104, 0.04195818677544594, -0.02247641421854496, -0.07154744863510132]",0
国务院,"[0.010450959205627441, 0.1310540735721588, 0.0021011324133723974, -0.10435725003480911, 0.021382950246334076, -0.239627406001091, 0.225334033370018, -0.183991476893425, -0.08563937246799469, -0.02810555137693882, 0.0034150639548897743, -0.00455835135653615, 0.19563518464565277, 0.15490129590034485, -0.25032103061676025, 0.048580460250377655, 0.05629241093993187, -0.1327267736196518, -0.12310539931058884, -0.4372691512107849, 0.09169891476631165, 0.19278423488140106, -0.04049966484308243, 0.14322713017463684, 0.13601066172122955, -0.13584952056407928, 0.005322454962879419, -0.30359140038490295, -0.14192157983779907, 0.12482006847858429, -0.0654875710606575, 0.22605636715888977, -0.5075618624687195, 0.04293340444564819, 0.107665054500103, -0.06072284281253815, -0.16743233799934387, 0.15653590857982635, -0.1639530062675476, 0.0701482817530632, 0.006208253558725119, 0.08373820781707764, -0.12453572452068329, -0.1297706961631775, -0.19630585610866547, 0.062392059713602066, -0.35517388582229614, 0.15216630697250366, -0.07669041305780411, 0.15356679260730743, -0.02400272525846958, -0.22744211554527283, -0.010379292070865631, 0.1880541741847992, 0.11800117790699005, 0.13715802133083344, -0.02688981592655182, -0.18058261275291443, -0.04121080040931702, -0.08863826096057892, 0.010115302167832851, -0.04192887619137764, 0.03818122670054436, -0.010805496945977211, -0.11270909756422043, 0.14479057490825653, 0.01933377981185913, 0.12559224665164948, 0.3482828140258789, -0.18738533556461334, 0.14097976684570312, -0.1475905030965805, 0.0540747307240963, 0.19773772358894348, -0.12294131517410278, 0.07953976839780807, 0.12175925821065903, 0.06816116720438004, 0.2723323702812195, -0.03785914555191994, 0.09485597163438797, -0.11466095596551895, -0.0923575684428215, 0.06742890179157257, 0.1198621317744255, 0.04996642470359802, 0.09530115127563477, 0.1793615221977234, -0.3080396354198456, -0.1630503386259079, 0.07392746210098267, -0.07382626086473465, -0.05902043357491493, 0.39453721046447754, 0.006547342985868454, 0.1764245331287384, -0.02942599356174469, 0.20995169878005981, 0.049159131944179535, -0.12295656651258469]",0
颁发,"[0.019368620589375496, 0.050737712532281876, 0.018984520807862282, -0.04612743854522705, 0.11424587666988373, -0.117787204682827, 0.012464698404073715, -0.03711661696434021, -0.0589492991566658, 0.03116149827837944, -0.01231516432017088, 0.053689584136009216, -0.02108338288962841, 0.1051289364695549, -0.16904380917549133, 0.0032351682893931866, -0.04060369357466698, -0.06548834592103958, -0.09056602418422699, -0.11132821440696716, -0.07362265139818192, 0.13587085902690887, -0.13580144941806793, 0.008523952215909958, -0.02168131433427334, -0.10400234907865524, 0.024179091677069664, -0.13273128867149353, -0.0987761840224266, 0.07564777135848999, 0.04541400074958801, 0.04978560283780098, -0.15751153230667114, 0.05335080996155739, 0.05950038507580757, -0.09238163381814957, -0.09086230397224426, 0.08630577474832535, -0.11681493371725082, 0.03252525255084038, 0.080182284116745, -0.008855965919792652, 0.016049804165959358, -0.004730867221951485, -0.14020989835262299, 0.12201524525880814, -0.08247184008359909, 0.12991808354854584, -0.05954551324248314, 0.1571996510028839, -0.13032397627830505, -0.0622185654938221, -0.006384844426065683, -0.014774651266634464, 0.14874257147312164, -0.05813123285770416, 0.000343904597684741, -0.09137548506259918, 0.00045235056313686073, 0.01619774103164673, -0.03073243610560894, 0.0030985274352133274, 0.0044623566791415215, -0.008650632575154305, -0.06492196768522263, 0.06439478695392609, 0.033543918281793594, 0.0764693170785904, 0.14538893103599548, -0.05562784522771835, -0.034163761883974075, -0.013284455984830856, -0.0015671505825594068, 0.16697050631046295, -0.0955827459692955, 0.04854319244623184, 0.10561239719390869, -0.016995184123516083, 0.08772061765193939, 0.010936131700873375, 0.02140471711754799, -0.041943345218896866, -0.04459570348262787, 0.004002775531262159, 0.09134949743747711, 0.07214042544364929, -0.005672332365065813, 0.07344679534435272, -0.12600447237491608, 0.057181552052497864, 0.06826909631490707, -0.07355829328298569, -0.062184888869524, 0.08335986733436584, 0.014789838343858719, 0.048142027109861374, 0.07616519927978516, 0.05144547298550606, -0.04047137871384621, -0.13402430713176727]",0
暫行,"[-0.014579051174223423, -0.0009583235369063914, 0.012794852256774902, -0.021059047430753708, 0.010663259774446487, -0.02289033867418766, 0.008509068749845028, -0.016920868307352066, -0.0030993991531431675, -0.004490862134844065, 0.024786733090877533, -0.021133597940206528, 0.009310991503298283, -0.016786843538284302, -0.036027438938617706, -0.010879331268370152, -0.0054837786592543125, -0.0047035724855959415, -0.009138519875705242, -0.02014969289302826, 0.005577444098889828, 0.0035496517084538937, -0.006894111167639494, 0.004534433130174875, -0.0026486609131097794, -0.02381245419383049, -0.01148196216672659, -0.009798937477171421, 0.017869384959340096, 0.006132242735475302, -0.0068444604985415936, -0.009114811196923256, -0.00826346967369318, 0.028303315863013268, -0.0068484158255159855, -0.014717011712491512, -0.01859370246529579, 0.010871638543903828, -0.009463326074182987, -0.0031269711907953024, 0.006809521000832319, -0.009147413074970245, -0.035754941403865814, 0.00891500897705555, -0.01371915452182293, 0.013429193757474422, -0.0076534198597073555, 0.0051714275032281876, -0.006576438434422016, 0.010996775701642036, -0.03280918300151825, 0.004062945488840342, -0.016063902527093887, 0.019363239407539368, 0.012721102684736252, -0.0007627449813298881, -0.015821048989892006, -0.0027104311157017946, 0.02312244474887848, -0.0158392321318388, 0.015397520735859871, -0.014330822043120861, -0.0041871704161167145, -0.022102782502770424, -0.0017067680601030588, 0.01660902053117752, 0.01553841307759285, 0.01632617600262165, 0.044809192419052124, -0.006026670802384615, 0.023592764511704445, 0.0031726958695799112, -0.0064592245034873486, 0.012716347351670265, -0.018905658274888992, 0.014458145014941692, 5.565572064369917e-05, 0.021809561178088188, 0.009141195565462112, -0.003548763459548354, -0.0034552670549601316, -0.005684487521648407, 0.005236452911049128, -0.03141969442367554, -0.0029907592106610537, 0.013483346439898014, 0.003998936153948307, 0.017997680231928825, 0.00610352260991931, 0.010366518050432205, 0.010049532167613506, 0.008623717352747917, -0.012082096189260483, 0.022797556594014168, 0.001827932777814567, 0.009845515713095665, 0.017957419157028198, 0.017974259331822395, -0.02172427996993065, -0.013162254355847836]",0
条例,"[0.037225592881441116, 0.1404746174812317, 0.22413082420825958, -0.11080466210842133, -0.02674105018377304, -0.6482760310173035, 0.4274120628833771, -0.2871255874633789, -0.25826624035835266, 0.14964935183525085, 0.20793019235134125, 0.041780926287174225, 0.27448272705078125, 0.33468741178512573, -0.6779294610023499, 0.11007798463106155, 0.1373996138572693, -0.12136935442686081, -0.13696907460689545, -0.6314672827720642, 0.16218224167823792, 0.348882257938385, 0.03257635608315468, 0.05171855539083481, 0.363692045211792, -0.2710055708885193, 0.18197928369045258, -0.43003204464912415, -0.5194721221923828, 0.19612468779087067, -0.16599678993225098, 0.5125188231468201, -0.9474073648452759, 0.1045927181839943, 0.27112194895744324, -0.13104574382305145, -0.5115253329277039, 0.21929167211055756, -0.37795692682266235, 0.1303069293498993, -0.11322268843650818, -0.08336886763572693, -0.07359608262777328, -0.2594762146472931, -0.5165265202522278, 0.1374649852514267, -0.6571789383888245, 0.3209889829158783, -0.11745166033506393, 0.4323936104774475, -0.10705959051847458, -0.20836234092712402, -0.18083930015563965, 0.3382100760936737, 0.2776986062526703, 0.12341172248125076, -0.06607628613710403, -0.47018739581108093, 0.041179001331329346, -0.16251562535762787, 0.15118995308876038, 0.044121433049440384, -0.05711119994521141, -0.11976642161607742, -0.228621706366539, 0.30012282729148865, 0.006683774758130312, 0.165556862950325, 0.818558931350708, -0.31594040989875793, 0.28896597027778625, -0.38308608531951904, 0.19924940168857574, 0.17772969603538513, -0.398082971572876, 0.30051329731941223, -0.008854564279317856, 0.013387144543230534, 0.6007437705993652, -0.09977323561906815, -0.02533940225839615, -0.1556059867143631, -0.027761420235037804, 0.11466388404369354, 0.27613696455955505, -0.13968265056610107, 0.11720377206802368, 0.16987131536006927, -0.4249459505081177, -0.12519961595535278, 0.1792144626379013, -0.16080299019813538, -0.22962221503257751, 0.46869683265686035, 0.1916303038597107, 0.3458293676376343, -0.055543117225170135, 0.28482457995414734, 0.10215965658426285, -0.28098541498184204]",0
明文规定,"[0.0183789674192667, 0.03314010426402092, -0.004906356334686279, -0.0031016303692013025, -0.0059180608950555325, 0.021033920347690582, 0.045685555785894394, -0.04011846333742142, 0.01840226911008358, 0.008565748110413551, 0.03789960965514183, -0.017727771773934364, 0.046832699328660965, 0.009419201873242855, 0.025244412943720818, -0.044839393347501755, -0.03212551027536392, -0.09399072825908661, -0.01950147934257984, -0.06608434021472931, 0.007215325720608234, 0.04147546738386154, -0.020683543756604195, -0.013416487723588943, -0.005156544037163258, -0.06335252523422241, 0.02132987789809704, -0.08551793545484543, 0.01725248619914055, 0.01971440576016903, -0.017821485176682472, -0.01852983608841896, -5.068962855148129e-05, 0.02758130617439747, 0.014214702881872654, -0.003940923139452934, -0.049175288528203964, 0.06937654316425323, 0.029129603877663612, -0.004129159264266491, 0.01964416541159153, 0.060463324189186096, -0.04181886091828346, 0.017268843948841095, 0.03610564023256302, 0.06179225817322731, -0.04845844581723213, -0.004963367246091366, 0.013650055043399334, -0.023480109870433807, 0.0398009717464447, -0.04368884116411209, 0.047496020793914795, -0.006761325057595968, -0.09014440327882767, 0.034903544932603836, 0.014826787635684013, 0.02671649679541588, 0.01626710034906864, -0.05090511590242386, -0.10580042004585266, -0.017272071912884712, 0.03958246484398842, -0.07360947877168655, -0.044086456298828125, -0.022078996524214745, -0.0410492941737175, 0.017198026180267334, 0.05536442995071411, 0.01876458339393139, -0.014679460786283016, 0.02684570662677288, -0.10684052854776382, 0.007304350379854441, 0.033375129103660583, -0.010500425472855568, 0.03511684015393257, 0.04577026516199112, -0.02731979824602604, -0.002688974142074585, 0.054827578365802765, 0.018564118072390556, -0.02127446047961712, 0.0026131237391382456, 0.0084458589553833, 0.03017626702785492, -0.02795153670012951, 0.06500963866710663, 0.02582899108529091, -0.049483515322208405, -0.05871439352631569, 0.03998589143157005, -0.0378309041261673, 0.055253107100725174, 0.01157673541456461, 0.010095755569636822, -0.06861183792352676, 0.020874755457043648, 0.03075847215950489, -0.03367313742637634]",0
经营,"[-0.024122649803757668, 0.2141726016998291, 0.12106793373823166, -0.09235462546348572, 0.2543070912361145, -0.1768110692501068, 0.19492857158184052, -0.20055396854877472, -0.09140410274267197, 0.13921083509922028, 0.05911901220679283, 0.05793752521276474, 0.09061887115240097, 0.4037407636642456, -0.3357361853122711, -0.07438802719116211, -0.18726518750190735, -0.32316136360168457, -0.3019651770591736, -0.4199671149253845, 0.12040946632623672, 0.3351968824863434, -0.2914574444293976, 0.10329299420118332, -0.06222373992204666, -0.3462259769439697, 0.009097117930650711, -0.632038414478302, -0.08657709509134293, 0.16434136033058167, 0.05643259361386299, -0.07491288334131241, -0.47264084219932556, 0.20094424486160278, 0.1376577615737915, -0.26284828782081604, -0.3775900900363922, 0.2846912741661072, -0.21546848118305206, 0.04330037161707878, 0.2185753881931305, 0.24626366794109344, -0.1937013417482376, 0.013151503168046474, -0.1475372165441513, 0.3489682376384735, -0.3731291890144348, 0.24527017772197723, -0.06483133882284164, 0.2813278138637543, -0.19049221277236938, -0.2613578736782074, 0.06633917987346649, 0.008200312964618206, -0.04418140649795532, 0.08369724452495575, 0.05095868930220604, -0.18117383122444153, -0.004901607055217028, -0.37237033247947693, -0.3032134771347046, -0.0991765558719635, 0.10375285148620605, -0.19984781742095947, -0.37764671444892883, 0.127883180975914, -0.06647532433271408, 0.2575283944606781, 0.5548266172409058, -0.15322858095169067, -0.006676136050373316, -0.035179831087589264, -0.22558201849460602, 0.2616930603981018, -0.015997091308236122, 0.1784001588821411, 0.2559882700443268, 0.10678308457136154, 0.20599985122680664, -0.06367821246385574, 0.26810404658317566, -0.23779906332492828, -0.2569265365600586, 0.010246606543660164, 0.20683331787586212, 0.11093533784151077, 0.03881543502211571, 0.3898378610610962, -0.13620233535766602, -0.08279649913311005, -0.041961416602134705, -0.014085859060287476, -0.1161915585398674, 0.37822747230529785, 0.12032303959131241, 0.0593121200799942, -0.05959494039416313, 0.1475105732679367, -0.04141812399029732, -0.37953928112983704]",0
业务,"[0.07329245656728745, 0.21154899895191193, -0.03630879148840904, -0.04837162420153618, 0.04938739910721779, -0.033501654863357544, 0.3098992109298706, -0.20303702354431152, -0.11024028807878494, 0.11758799850940704, 0.035054873675107956, 0.12096835672855377, 0.07640582323074341, 0.20138342678546906, -0.24041222035884857, -0.09554687887430191, -0.11836175620555878, -0.44999778270721436, -0.24298624694347382, -0.6089033484458923, -0.11738613247871399, 0.550462543964386, -0.41469523310661316, 0.16642944514751434, -0.04813339561223984, -0.3182222843170166, 0.09268997609615326, -0.616355299949646, -0.27177485823631287, 0.1707661896944046, -0.08088063448667526, -0.000703274505212903, -0.5619831085205078, 0.24749316275119781, 0.2239730954170227, -0.1457839459180832, -0.27314281463623047, 0.5528151988983154, -0.09977523982524872, 0.11629832535982132, 0.1795380413532257, 0.2967561185359955, -0.051291629672050476, 0.006081908941268921, 0.046586740761995316, 0.49890679121017456, -0.41192135214805603, 0.31393101811408997, 0.018615374341607094, 0.16433556377887726, 0.010386137291789055, -0.42180973291397095, 0.09403117001056671, -0.0653538703918457, -0.23089466989040375, 0.009733854793012142, 0.21620699763298035, -0.0527656190097332, 0.015319657512009144, -0.11946342885494232, -0.43370404839515686, -0.19185416400432587, 0.15796217322349548, -0.27891474962234497, -0.2236132025718689, 0.08064396679401398, -0.06163674592971802, 0.23836074769496918, 0.5165717601776123, -0.08528541028499603, -0.0857192799448967, 0.08555839210748672, -0.47808849811553955, 0.5096640586853027, 0.03825877234339714, -0.02394293248653412, 0.3693470358848572, 0.15480896830558777, 0.08697817474603653, 0.07428528368473053, 0.2284611016511917, -0.08742333203554153, -0.24829033017158508, 0.148417130112648, 0.2616319954395294, 0.3484359085559845, -0.017568212002515793, 0.4744485914707184, -0.32546958327293396, -0.16258911788463593, -0.0780496671795845, -0.09897031635046005, -0.23122036457061768, 0.42881307005882263, 0.08075806498527527, 0.18728511035442352, -0.2809106409549713, 0.16675513982772827, -0.005234756041318178, -0.26354971528053284]",0
快件,"[-0.013891486451029778, 0.015892911702394485, 0.008219555951654911, -0.01635681837797165, 0.03792126104235649, -0.004554317332804203, -0.008270077407360077, -0.010099831037223339, -0.0005992252845317125, 0.0017772717401385307, 0.001115073449909687, -0.009439542889595032, 0.0036766554694622755, 0.01945541799068451, -0.029576700180768967, -0.00708840973675251, -0.018325744196772575, -0.010626059025526047, -0.02294088713824749, -0.017019838094711304, 0.0036030474584549665, 0.0046702660620212555, -0.02979865111410618, 0.005909018684178591, -0.019823487848043442, -0.023664116859436035, -0.012621082365512848, -0.033304259181022644, 0.020811252295970917, 0.010155144147574902, 0.019906705245375633, -0.029299186542630196, -0.01411133911460638, 0.018693849444389343, -0.0023232949897646904, -0.01919376477599144, -0.0172894224524498, 0.008955762721598148, -0.01451880857348442, -0.008423428051173687, 0.02248951978981495, 0.015686089172959328, -0.02084345929324627, 0.015421055257320404, -0.00426730839535594, 0.020605824887752533, -0.01069523673504591, 0.01281043328344822, -0.009686144068837166, 0.023003175854682922, -0.0399044007062912, -0.010013672523200512, 0.00543635431677103, -0.0040114023722708225, 0.010186666622757912, -0.005164186004549265, -0.007084345445036888, -0.010354514233767986, 0.003735343459993601, -0.022494304925203323, -0.01080674584954977, -0.007596585433930159, 0.006018044427037239, -0.004952083341777325, -0.0252023097127676, 0.013622479513287544, 0.003006872721016407, 0.026389995589852333, 0.027655063197016716, -0.004069295711815357, 0.005662389099597931, 0.004415676463395357, -0.013566705398261547, 0.01904113218188286, -0.00218025129288435, 0.01695151813328266, 0.018881017342209816, 0.010897732339799404, 0.004360965918749571, -0.00618306640535593, 0.020068414509296417, -0.022137654945254326, -0.013370816595852375, -0.017091864719986916, -0.0006499907467514277, 0.015153222717344761, 0.0015749594895169139, 0.02353956364095211, 0.0023481480311602354, 0.0010699548292905092, -0.0019389253575354815, -0.002748762257397175, -0.0022752084769308567, 0.025641564279794693, -0.004191247746348381, -0.0009238001075573266, 0.02036016620695591, 0.0041053518652915955, -0.015632370486855507, -0.03216898813843727]",0
约定,"[-0.0035999116953462362, 0.12425380200147629, 0.01578460820019245, -0.012181730940937996, 0.0683005079627037, -0.047534603625535965, 0.10713251680135727, -0.10885230451822281, -0.034757185727357864, 0.05722133442759514, -0.013456866145133972, 0.022936852648854256, 0.052800972014665604, 0.13002726435661316, -0.11925212293863297, -0.023747246712446213, -0.021054355427622795, -0.09454191476106644, -0.10487183928489685, -0.19250744581222534, 0.00880444049835205, 0.17752568423748016, -0.12471815943717957, 0.06441894918680191, 0.00012198810145491734, -0.08495822548866272, -0.03653045371174812, -0.21714650094509125, -0.053540825843811035, 0.04283653572201729, -0.01635909453034401, 0.026308583095669746, -0.2610284388065338, 0.040445126593112946, 0.049084365367889404, -0.09275376051664352, -0.11391665786504745, 0.14241155982017517, -0.06901784241199493, 0.04435727000236511, 0.09013564139604568, 0.1274610012769699, -0.05431076139211655, -0.03231632709503174, -0.05428381636738777, 0.16837869584560394, -0.18493656814098358, 0.14829453825950623, -0.033692438155412674, 0.09677916020154953, -0.009788673371076584, -0.1554524451494217, 0.01291566714644432, 0.015897389501333237, -0.00973768811672926, 0.02483600191771984, 0.020293664187192917, -0.035756826400756836, -0.030189119279384613, -0.0925484150648117, -0.12571081519126892, -0.05714527517557144, 0.06517970561981201, -0.042803630232810974, -0.08798426389694214, 0.05567110329866409, -0.004911542870104313, 0.09576240181922913, 0.21160374581813812, -0.10019389539957047, -0.0006256075575947762, -0.037747565656900406, -0.09061551094055176, 0.1807360202074051, -0.015099325217306614, 0.02805471047759056, 0.11249865591526031, 0.008996729739010334, 0.09407739341259003, 0.04136680066585541, 0.12291765213012695, -0.09631472080945969, -0.12763263285160065, 0.06963537633419037, 0.06736265122890472, 0.08974123001098633, 0.04849570617079735, 0.14900310337543488, -0.1448209136724472, -0.08716356754302979, 0.0004902025102637708, -0.05268814414739609, -0.07649224996566772, 0.16987106204032898, 0.027566885575652122, 0.034640487283468246, -0.059708770364522934, 0.08196742832660675, -0.022118154913187027, -0.14064598083496094]",0
地址,"[-0.01222505047917366, 0.00772137101739645, 0.007733038626611233, 0.006429423578083515, 0.0040594423189759254, 0.04659600555896759, -0.0005251752445474267, -0.002017594873905182, 0.025152048096060753, 0.010558086447417736, 0.023753471672534943, -0.006452175788581371, -0.01099924836307764, -0.005334561690688133, 0.020418081432580948, -0.03928551450371742, -0.03591293469071388, -0.022034902125597, -0.021072739735245705, 0.033656686544418335, 0.025970621034502983, 0.019576087594032288, -0.047728173434734344, -0.014120726846158504, -0.025010136887431145, -0.029684526845812798, -0.01988467574119568, -0.0210682712495327, 0.05560007691383362, -0.01954840123653412, 0.017593614757061005, -0.08029057085514069, 0.025547729805111885, 0.010184445418417454, -0.016408225521445274, -0.026479622349143028, -0.033816147595644, 0.020330281928181648, 0.013439047150313854, -0.02785119228065014, 0.013178211636841297, 0.04516628757119179, -0.03327663242816925, 0.039937932044267654, 0.04144681617617607, 0.036147184669971466, 0.013595398515462875, -0.009991353377699852, 0.004767572972923517, -0.017549367621541023, -0.016372516751289368, 0.0013506697723641992, 0.02057972550392151, -0.032651111483573914, -0.07716415822505951, -0.005582371726632118, -0.004458573181182146, 0.009681004099547863, 0.014112426899373531, -0.040675919502973557, -0.03344779089093208, -0.031126398593187332, 0.021632954478263855, -0.0261947363615036, -0.019077299162745476, -0.006167829502373934, -0.012698517180979252, 0.010728281922638416, 0.01580456644296646, 0.021426640450954437, -0.0169982947409153, 0.029286032542586327, -0.05956503376364708, 0.0035525336861610413, 0.015810972079634666, -0.00939148012548685, -0.005537450313568115, 0.0047910986468195915, -0.039407432079315186, 0.0013677963288500905, 0.03467806801199913, -0.009937363676726818, -0.015332702547311783, -0.016159113496541977, -0.031118277460336685, 0.022745981812477112, 0.0017423119861632586, 0.03234139084815979, 0.04313226789236069, -0.01131865382194519, -0.031342290341854095, 0.02737494930624962, -0.005292408633977175, -0.022355206310749054, 0.01506190188229084, -0.013358604162931442, -0.007183952257037163, -0.02261923812329769, -0.01734890043735504, -0.017425427213311195]",0
欺行霸市,"[0.007197646424174309, 0.016935179010033607, -0.010185141116380692, -0.008529553189873695, 0.027800356969237328, 0.0028612283058464527, -0.005452041979879141, 9.736645733937621e-05, -0.008372368291020393, 0.004485281649976969, -0.005367024801671505, 0.00942425150424242, -0.014030393213033676, 0.007480958942323923, -0.026189317926764488, -0.006512836087495089, -0.022243479266762733, -0.040082741528749466, -0.038697753101587296, -0.027592064812779427, -0.025306032970547676, 0.048009857535362244, -0.07349584251642227, 0.007463542278856039, -0.02461453154683113, -0.03340761736035347, 0.003218506695702672, -0.04143677279353142, -0.005168171599507332, 0.01901385746896267, 0.017580552026629448, -0.018912699073553085, -0.016885392367839813, 0.024160806089639664, 0.009571205824613571, -0.027992650866508484, -0.015925807878375053, 0.039307571947574615, -0.01462505292147398, -0.0011036427458748221, 0.03278503194451332, 0.009936434216797352, 0.00013420240429695696, 0.011791103519499302, -0.008404258638620377, 0.04266967624425888, -0.00807922799140215, 0.03258172795176506, -0.005015125032514334, 0.027576494961977005, -0.04004470631480217, -0.02869492582976818, 0.006511217448860407, -0.02864016778767109, 0.016842205077409744, -0.015515880659222603, 0.01738293096423149, -0.015486840158700943, 0.0029206511098891497, 0.01777009107172489, -0.027202840894460678, -0.019108254462480545, 0.013621713034808636, -0.002754117827862501, -0.014276744797825813, 0.008855575695633888, 0.011298822239041328, 0.032080698758363724, 0.020536189898848534, 0.00015023375453893095, -0.02711993269622326, 0.01973583921790123, -0.029079286381602287, 0.05652499198913574, -0.015098375268280506, -0.0058995517902076244, 0.046287618577480316, -0.00016920710913836956, -0.004456896334886551, 0.010805240832269192, 0.011086461134254932, -0.011304565705358982, -0.02039247751235962, -0.009035014547407627, 0.020626328885555267, 0.05028547719120979, -0.019662363454699516, 0.03503595292568207, -0.02603992074728012, 0.017498303204774857, 0.014653785154223442, -0.013677312061190605, -0.008982716128230095, 0.012594558298587799, -0.009831555187702179, 0.02423924393951893, 0.01112530380487442, 0.007461159955710173, -0.028678342700004578, -0.03627346456050873]",0
串通一气,"[-0.0066696698777377605, 0.0058315955102443695, -0.020856592804193497, -0.023659035563468933, 0.03665582463145256, -0.0031079237814992666, 0.0009089385275729001, -0.011408766731619835, -0.009301111102104187, -0.005763424094766378, 0.0023214451503008604, 0.00115561718121171, -0.01115239504724741, 0.0009984496282413602, -0.030960476025938988, -0.012236380018293858, -0.023789137601852417, -0.03223544359207153, -0.029957259073853493, -0.04622168093919754, -0.036239176988601685, 0.0436655730009079, -0.0658387690782547, 0.015588955953717232, -0.03151116520166397, -0.04595736414194107, 0.0010441928170621395, -0.03485279530286789, 0.0001039890485117212, 0.02727621980011463, 0.0114600183442235, -0.027221804484725, -0.012005243450403214, 0.04678671061992645, -0.0007500108331441879, -0.022395547479391098, -0.01448433380573988, 0.04250626638531685, -0.023420987650752068, 0.001073817373253405, 0.03199515491724014, 0.012145208194851875, -0.018542945384979248, 0.018304629251360893, 0.01078673917800188, 0.05212338641285896, -0.00518248975276947, 0.021975472569465637, -0.014196893200278282, 0.017235293984413147, -0.04960355907678604, -0.02233089692890644, 0.003101346315816045, -0.019714495167136192, 0.0061255283653736115, -0.024370210245251656, 0.0031421445310115814, 0.004275309853255749, 0.01104060560464859, 0.006823678035289049, -0.023969998583197594, -0.02735644392669201, 0.007726374547928572, -0.027196422219276428, -0.007989532314240932, 0.010080471634864807, 0.011557584628462791, 0.03368307650089264, 0.03438960760831833, 0.0012222275836393237, -0.004320729058235884, 0.028342604637145996, -0.04011355713009834, 0.06888002157211304, -0.009816611185669899, -0.010768217034637928, 0.04883769527077675, 0.017881199717521667, -0.013660721480846405, 0.006721721030771732, 0.013893155381083488, -0.002057827077805996, -0.0115986792370677, -0.028862357139587402, 0.01963687129318714, 0.05570687726140022, -0.0009600816410966218, 0.0430472195148468, -0.023874133825302124, 0.018482480198144913, 0.006016035098582506, -0.0057313465513288975, -0.020110441371798515, 0.04132896661758423, -0.01115006860345602, 0.012886540032923222, 0.017038291320204735, 0.017630569636821747, -0.02895391546189785, -0.0184357650578022]",0
包括,"[0.033940766006708145, 0.22214189171791077, -0.02775072120130062, -0.100890152156353, 0.21258008480072021, -0.1569928675889969, 0.1922284960746765, -0.17861336469650269, -0.13763321936130524, 0.11691546440124512, -0.08654482662677765, 0.1209513247013092, 0.00399385392665863, 0.26496320962905884, -0.3127889037132263, 0.001748914597555995, -0.05396856367588043, -0.21846038103103638, -0.26427674293518066, -0.40879032015800476, -0.1020888164639473, 0.41937199234962463, -0.3752416968345642, 0.1254245787858963, -0.11357983201742172, -0.22175763547420502, -0.04010721296072006, -0.4362117648124695, -0.25951042771339417, 0.22451680898666382, -0.029282070696353912, 0.09203649312257767, -0.6208111643791199, 0.15080274641513824, 0.12288596481084824, -0.21794241666793823, -0.22020146250724792, 0.3833146095275879, -0.2774587869644165, 0.1594851166009903, 0.24928930401802063, 0.2505083382129669, -0.10897965729236603, -0.06670717149972916, -0.1607750505208969, 0.4269210398197174, -0.36883559823036194, 0.37471437454223633, -0.12422338128089905, 0.3169648349285126, -0.14865434169769287, -0.2485000640153885, 0.018062354996800423, 0.07835865765810013, 0.0980534553527832, -0.060771919786930084, 0.07141930609941483, -0.06463100761175156, -0.008301571011543274, -0.0810599997639656, -0.20019902288913727, -0.13936853408813477, 0.054287321865558624, -0.10320154577493668, -0.1731736958026886, 0.19468536972999573, -0.008395243436098099, 0.20909813046455383, 0.4776041507720947, -0.21714262664318085, -0.0634794756770134, -0.011220470070838928, -0.21027177572250366, 0.521325945854187, -0.11312657594680786, 0.007119177840650082, 0.2894096374511719, -0.012181474827229977, 0.18824060261249542, 0.0935995876789093, 0.15193822979927063, -0.12949363887310028, -0.19133329391479492, 0.09089077264070511, 0.13914574682712555, 0.2501733899116516, 0.12246149778366089, 0.30178114771842957, -0.3718835711479187, -0.06821414828300476, 0.04441501200199127, -0.16804662346839905, -0.20720262825489044, 0.38075849413871765, 0.08437211066484451, 0.027872228994965553, -0.033358778804540634, 0.19139227271080017, -0.09144066274166107, -0.3421698808670044]",0
收件人,"[-0.01598530448973179, 0.012772596441209316, 0.014208128675818443, -0.014590962789952755, 0.04419008269906044, -0.015210846439003944, -0.002858059946447611, -0.011336402967572212, 0.00032934790942817926, 0.0108015863224864, 0.017570462077856064, -0.016172802075743675, -0.00982154905796051, 0.009734222665429115, -0.03214452043175697, -0.010343793779611588, -0.024254893884062767, -0.013585155829787254, -0.019338300451636314, -0.006451700814068317, -0.019259396940469742, 0.02056771144270897, -0.030910905450582504, -0.0062296693213284016, -0.026156829670071602, -0.03464179113507271, -0.014125486835837364, -0.017954915761947632, 0.017966194078326225, 0.008336018770933151, 0.003163587301969528, -0.02557293139398098, -0.003677721368148923, 0.027396054938435555, -0.007021959405392408, -0.03548303246498108, -0.029766259714961052, 0.01597217470407486, -0.019712703302502632, -0.007681491784751415, 0.02673696167767048, 0.006803421303629875, -0.020167149603366852, 0.010019013658165932, -0.02067585662007332, 0.035600438714027405, -0.005399477668106556, 0.021236030384898186, -0.019786696881055832, 0.023027652874588966, -0.0444018729031086, 0.0018807759042829275, -0.008721251972019672, -0.003637628862634301, 0.02241651341319084, -0.01587526500225067, -0.009585818275809288, 7.367398939095438e-05, 0.013154794462025166, -0.012859531678259373, -0.01596047542989254, -0.009617526084184647, 0.00730891665443778, -0.01990620791912079, -0.014749934896826744, 0.014237634837627411, 0.011102503165602684, 0.0199257954955101, 0.038878072053194046, -0.0022206385619938374, 0.002310161478817463, 0.015607324428856373, -0.01825067400932312, 0.029042359441518784, -0.019097374752163887, 0.013474148698151112, 0.017248161137104034, 0.010958419181406498, -0.002874349942430854, 0.009147957898676395, 0.01066658366471529, -0.0029338740278035402, -0.009695908054709435, -0.02299242652952671, 0.004216713365167379, 0.022738421335816383, 0.005418302025645971, 0.018030067905783653, 0.00021747902792412788, 0.023277755826711655, 0.0065480805933475494, 0.0006807839963585138, -0.023164832964539528, 0.017049040645360947, 0.002332385629415512, -0.004699504468590021, 0.024243585765361786, 0.011020930483937263, -0.022279290482401848, -0.028059842064976692]",0
去取,"[0.0033696999307721853, 0.021869998425245285, 0.004388302564620972, -0.012182934209704399, 0.028393441811203957, 0.002661928068846464, 0.012350684031844139, -0.018852220848202705, -0.005507685709744692, -0.002739672316238284, -0.004788483493030071, 0.0020796603057533503, -0.004637912381440401, 0.017326653003692627, -0.018687454983592033, -0.009818129241466522, -0.0179919321089983, -0.028344720602035522, -0.025466902181506157, -0.02459927275776863, 0.0003396974934730679, 0.022894876077771187, -0.04618426784873009, 0.018188023939728737, -0.021875793114304543, -0.027777835726737976, -0.01805143617093563, -0.04091842472553253, 0.0030557019636034966, 0.005983556155115366, 0.009781110100448132, -0.018907662481069565, -0.0348525196313858, 0.018642015755176544, -0.001462377142161131, -0.025547968223690987, -0.011933771893382072, 0.03436070308089256, -0.01558998879045248, 0.010717562399804592, 0.01940801739692688, 0.026191387325525284, -0.021660134196281433, 0.004795256070792675, -0.007101123686879873, 0.03756982833147049, -0.026915287598967552, 0.023349033668637276, -0.014573734253644943, 0.014547338709235191, -0.02490196004509926, -0.022369928658008575, 0.008985524997115135, 0.005354232620447874, 0.004644851200282574, -0.003925870638340712, -0.002371740760281682, -0.004015806596726179, 0.00011832613381557167, -0.012565377168357372, -0.019051052629947662, -0.0167014691978693, 0.0063440692611038685, -0.005768809467554092, -0.015562687069177628, 0.01588182896375656, -0.0016453490825369954, 0.0253556277602911, 0.03281410038471222, -0.012347770854830742, 0.000362748047336936, 0.007415641564875841, -0.026538224890828133, 0.044660262763500214, -0.001735406112857163, 0.0037956687156111, 0.026135696098208427, 0.011085269041359425, 0.004719494376331568, 0.0020664683543145657, 0.01629003882408142, -0.01588747836649418, -0.01871423050761223, -0.005515668075531721, -0.0022685895673930645, 0.026715045794844627, 0.00728303287178278, 0.030571341514587402, -0.01966022700071335, -0.00675435783341527, -0.0031383929308503866, -0.0015297177014872432, -0.01223103329539299, 0.0351208932697773, -0.006236079148948193, -0.003971484489738941, -0.003023441880941391, 0.021581189706921577, -0.014346444047987461, -0.027390403673052788]",0
支付,"[-0.006168990395963192, 0.26153793931007385, -0.04080317169427872, -0.18831384181976318, 0.4035852551460266, -0.15760378539562225, 0.08060963451862335, -0.18674345314502716, -0.14228907227516174, -0.034759216010570526, -0.09094417095184326, 0.08423522859811783, 0.08918534964323044, 0.3685254454612732, -0.4201365113258362, 0.019385354593396187, -0.17902721464633942, -0.37606340646743774, -0.37006813287734985, -0.5933455228805542, -0.059595681726932526, 0.330218106508255, -0.4546715319156647, 0.2356681078672409, -0.14601483941078186, -0.35079076886177063, -0.008919338695704937, -0.6440921425819397, -0.06664884090423584, 0.25941839814186096, 0.14589907228946686, -0.02965659089386463, -0.4665008783340454, 0.22559049725532532, 0.11271823197603226, -0.23155847191810608, -0.1543489396572113, 0.2965841591358185, -0.27548879384994507, 0.09014984220266342, 0.33308738470077515, 0.20662732422351837, -0.17012850940227509, 0.019747624173760414, -0.20402581989765167, 0.3467904329299927, -0.3185195028781891, 0.31514501571655273, -0.16685540974140167, 0.3390001952648163, -0.33689889311790466, -0.36070775985717773, 0.1007617935538292, -0.006220554001629353, 0.2581837773323059, 0.0031943898648023605, 0.035690370947122574, -0.1439226120710373, -0.11138015985488892, -0.13923238217830658, -0.22753942012786865, -0.10285108536481857, 0.09839218109846115, -0.060393836349248886, -0.2990991771221161, 0.1748816817998886, 0.05730948597192764, 0.35275784134864807, 0.4585937261581421, -0.20326800644397736, -0.037472810596227646, 0.05259750783443451, -0.16080085933208466, 0.5524289608001709, -0.06571923196315765, 0.12220674753189087, 0.5163339972496033, 0.1684851050376892, 0.20038612186908722, -0.00798463262617588, 0.25561320781707764, -0.21300266683101654, -0.2946343421936035, -0.05176680162549019, 0.2705652713775635, 0.35336634516716003, 0.03776434808969498, 0.437747985124588, -0.3548187017440796, -0.03324512019753456, 0.06916128844022751, -0.14018242061138153, -0.08815882354974747, 0.5883499979972839, -0.05242420360445976, 0.08437220752239227, 0.10519565641880035, 0.2655890882015228, -0.14456231892108917, -0.3739747107028961]",0
转运,"[-0.006238359026610851, 0.001042306306771934, 0.004817018285393715, 0.0080510713160038, -0.04060254991054535, -0.011623349040746689, 0.02448044717311859, 0.002725941129028797, 0.016932498663663864, 0.025465136393904686, 0.026662638410925865, -0.012407819740474224, 0.046486206352710724, 0.0036638511810451746, 0.020543670281767845, -0.011118453927338123, 0.00349158002063632, -0.03211985155940056, 0.01374007761478424, -0.02993515133857727, 0.034245263785123825, 0.006203074008226395, 0.04860011488199234, 0.0016664107097312808, 0.04076559841632843, -0.010519606992602348, 0.02754218876361847, -0.029485421255230904, 0.008413099683821201, -0.003496698336675763, -0.023028355091810226, 0.016324691474437714, 0.0064579495228827, 0.0006364068249240518, 0.006748471409082413, 0.011718685738742352, -0.012952184304594994, -0.010138139128684998, 0.0306781567633152, -0.01566673442721367, -0.02727022022008896, 0.0022013240959495306, 0.0040410603396594524, -0.008013314567506313, 0.017070598900318146, -0.030587276443839073, -0.0211471077054739, -0.032961852848529816, 0.03112768940627575, -0.020962437614798546, 0.057234760373830795, -0.030968427658081055, -0.005824887193739414, 0.00509098544716835, -0.054514288902282715, 0.04920056089758873, 0.008550246246159077, -0.00686371885240078, -0.006012123543769121, -0.03749425709247589, -0.03888057917356491, 0.016177702695131302, 0.01046284381300211, -0.026455314829945564, -0.017475521191954613, -0.016846096143126488, -0.018730612471699715, -0.017745722085237503, 0.013282641768455505, 0.007422549184411764, 0.011073513887822628, -0.009553897194564342, -0.008435298688709736, -0.045477136969566345, 0.014067559503018856, 0.014796895906329155, -0.0085616959258914, 0.023566441610455513, 0.02482203207910061, -0.030295418575406075, 0.024309515953063965, -0.003417419968172908, -0.01475329976528883, 0.01919025182723999, 0.021907515823841095, -0.03673369064927101, -0.01045618113130331, 0.002681463724002242, 0.028159406036138535, -0.025820292532444, -0.02378910779953003, 0.028103213757276535, 0.018361996859312057, 0.0031957095488905907, 0.01288590393960476, 0.025687888264656067, -0.0453026108443737, -0.006090535316616297, 0.04411163553595543, 0.016059374436736107]",0
违反,"[0.12489107996225357, 0.15257000923156738, 0.008818943053483963, -0.28276827931404114, 0.10773470252752304, -0.6087033152580261, 0.3251391053199768, -0.2146274894475937, -0.28702256083488464, -0.053953588008880615, 0.16577686369419098, 0.07710824906826019, 0.24529685080051422, 0.2323351800441742, -0.6722241640090942, 0.07568930834531784, -0.016390275210142136, -0.3594665825366974, -0.260353684425354, -0.7225093841552734, -0.0056670913472771645, 0.37026792764663696, -0.26685887575149536, 0.07031995803117752, 0.1842697411775589, -0.4807872772216797, 0.28047481179237366, -0.5384089946746826, -0.45776015520095825, 0.4470967650413513, -0.0170487891882658, 0.45337313413619995, -0.7489051222801208, 0.22971981763839722, 0.24560362100601196, -0.12796884775161743, -0.4345709979534149, 0.3904120624065399, -0.4398033320903778, 0.12275823950767517, 0.04092032089829445, -0.02585468254983425, -0.150840625166893, -0.10961809754371643, -0.44417110085487366, 0.22417160868644714, -0.5746711492538452, 0.29600489139556885, -0.142939031124115, 0.4007551968097687, -0.33458638191223145, -0.1998106688261032, 0.04062232747673988, 0.3073371648788452, 0.36362120509147644, 0.060279011726379395, -0.03207962214946747, -0.35731858015060425, 0.11608431488275528, 0.03610857203602791, 0.08556777983903885, -0.036201249808073044, -0.04451175779104233, -0.19622652232646942, -0.3089177906513214, 0.3166249692440033, -0.004883402027189732, 0.2310779094696045, 0.8361114859580994, -0.2184680700302124, 0.1765252947807312, -0.12244140356779099, -0.022474782541394234, 0.39572808146476746, -0.34436601400375366, 0.16533882915973663, 0.3041360676288605, 0.18692301213741302, 0.43477267026901245, -0.09491569548845291, 0.005916405934840441, 0.06776368618011475, 0.016184741631150246, -0.09570232778787613, 0.2770443558692932, 0.1768994778394699, 0.045219238847494125, 0.3744919002056122, -0.44834810495376587, -0.041935570538043976, 0.1951027512550354, -0.09667759388685226, -0.31801268458366394, 0.6825536489486694, 0.08381259441375732, 0.3225061297416687, 0.06690219044685364, 0.3554180860519409, 0.06787379831075668, -0.36771637201309204]",0
恳请,"[0.34011605381965637, 0.3777220845222473, -0.15673261880874634, -0.16409672796726227, 0.06924493610858917, -0.056405819952487946, 0.4015328288078308, -0.2822749614715576, -0.18623024225234985, -0.20201419293880463, -0.14939990639686584, 0.12947344779968262, 0.14558693766593933, 0.007272989023476839, -0.07369407266378403, -0.02994176745414734, -0.078140027821064, -0.35204508900642395, -0.21513012051582336, -0.2656966745853424, -0.11395196616649628, 0.26450666785240173, -0.5810809135437012, -0.006910770200192928, -0.11050405353307724, -0.23017369210720062, -0.010950801894068718, -0.3836553692817688, -0.2491718977689743, 0.24661199748516083, -0.07529208064079285, 0.2477334588766098, -0.6204472184181213, 0.11967301368713379, 0.16400286555290222, -0.01758132316172123, -0.14273560047149658, 0.6226650476455688, -0.05647942051291466, 0.3109205663204193, 0.15060901641845703, 0.18101444840431213, -0.2263627052307129, -0.04966306313872337, -0.09779167920351028, 0.44821956753730774, -0.5175632238388062, 0.33954039216041565, -0.03487160801887512, 0.059086523950099945, 0.045701753348112106, -0.1556590497493744, 0.19000332057476044, 0.3676922917366028, 0.08613386750221252, -0.05948128551244736, 0.13859142363071442, 0.1006409153342247, -0.05146222934126854, 0.2684689164161682, -0.08085279166698456, -0.3050353229045868, 0.04072236269712448, -0.09505484998226166, -0.05343987047672272, 0.1973651498556137, -0.07551725208759308, 0.13829810917377472, 0.40412387251853943, -0.13105204701423645, -0.06477902829647064, 0.024128155782818794, -0.3023828864097595, 0.5519776344299316, -0.00712747173383832, -0.04248787462711334, 0.37380489706993103, 0.10429102182388306, -0.0304278451949358, 0.14383484423160553, 0.052203238010406494, 0.14913950860500336, -0.024738723412156105, 0.07897503674030304, -0.05205430090427399, 0.42618468403816223, 0.07923905551433563, 0.36467909812927246, -0.4215955436229706, -0.20295940339565277, 0.06928826868534088, -0.09662928432226181, -0.42110323905944824, 0.5601064562797546, -0.012210478074848652, 0.03417185693979263, -0.26203829050064087, 0.36362358927726746, -0.006775035988539457, -0.32314497232437134]",0
管理局,"[0.003913667052984238, 0.05674484744668007, -0.03927343711256981, -0.13013936579227448, 0.1503847986459732, -0.05300433933734894, 0.035642486065626144, -0.10992671549320221, -0.0071194670163095, -0.06162967160344124, -0.011796743609011173, -0.07025326043367386, 0.02597510814666748, -0.005246056243777275, -0.10411518812179565, -0.032161448150873184, -0.04029155895113945, -0.07437010109424591, -0.12657785415649414, -0.15006095170974731, -0.09675784409046173, 0.09455466270446777, -0.19620917737483978, 0.04320036619901657, -0.06214389577507973, -0.13689975440502167, -0.0772620141506195, -0.10841523855924606, 0.05302644148468971, 0.09960133582353592, -0.01384726446121931, -0.020389027893543243, -0.1676294207572937, 0.12393241375684738, 0.01827879063785076, -0.08754672110080719, -0.04848993942141533, 0.12447476387023926, -0.04594862088561058, 0.03871559724211693, 0.13539668917655945, 0.04103166237473488, -0.15407949686050415, 0.008168913424015045, -0.072305828332901, 0.12852974236011505, -0.09886577725410461, 0.1166267842054367, -0.102572001516819, 0.05573980137705803, -0.09988038241863251, -0.05302813649177551, -0.026869725435972214, 0.07706332206726074, 0.1426449716091156, -0.03362632542848587, -0.01776060089468956, 0.018909644335508347, 0.030180606991052628, 0.0016788918292149901, -0.007785055320709944, -0.12244527041912079, 0.05186944082379341, -0.009856871329247952, 0.0008700397447682917, 0.10633114725351334, 0.05967108532786369, 0.09393307566642761, 0.13209180533885956, -0.06855598092079163, 0.027407445013523102, 0.03952205181121826, -0.032633617520332336, 0.22548450529575348, -0.092164047062397, 0.01210561953485012, 0.14857293665409088, 0.05640360340476036, 7.95335799921304e-05, -0.008529605343937874, 0.033425211906433105, -0.06243058294057846, -0.02359468676149845, -0.10651415586471558, -0.009002520702779293, 0.1734371930360794, 0.02772350236773491, 0.1278502494096756, -0.13429370522499084, -0.005627240985631943, 0.10337089747190475, -0.026423964649438858, -0.06861329078674316, 0.20483630895614624, -0.04251693934202194, 0.04219043627381325, 0.10690595954656601, 0.1345566213130951, -0.09614897519350052, -0.09993916004896164]",0
相关,"[1.002611756324768, 0.8325347304344177, -0.34712788462638855, -0.5578904151916504, 0.572617769241333, 0.1102675199508667, 0.6122193336486816, -0.9391053915023804, -0.3416883647441864, -1.2330219745635986, -0.2548046410083771, -0.2865482568740845, 0.4396323263645172, -0.14044307172298431, -0.002420972101390362, -0.13594479858875275, 0.025362126529216766, -0.409372478723526, -0.5285221338272095, -0.5857328176498413, -0.6976585388183594, -0.14864303171634674, -1.1233030557632446, -0.17078232765197754, -0.4196871817111969, -0.7651938796043396, -0.21454942226409912, -0.5101888179779053, 0.05418795719742775, 0.6313814520835876, -0.06163956597447395, 0.31647250056266785, -0.7236946225166321, 0.23858001828193665, 0.2711624503135681, 0.22940798103809357, -0.2702256739139557, 1.2987878322601318, -0.010179589502513409, 0.8034733533859253, 0.6961551308631897, 0.42656180262565613, -0.8677355647087097, -0.18082638084888458, -0.2323647141456604, 1.0113060474395752, -0.9782227277755737, 0.6923475861549377, -0.7925846576690674, -0.1496080607175827, -0.14809028804302216, 0.07966522872447968, 0.8408699035644531, 0.9019006490707397, 0.39070573449134827, -0.23882125318050385, -0.19149672985076904, 0.8287068009376526, 0.470863401889801, 0.7040953636169434, 0.11603331565856934, -0.8955128192901611, 0.060347121208906174, -0.026526538655161858, -0.05139130353927612, 0.36620399355888367, -0.298195481300354, 0.5574142932891846, 0.5834237337112427, -0.2867816388607025, -0.06004839390516281, 0.29319629073143005, -0.6098754405975342, 1.136087417602539, -0.14369921386241913, -0.3489031493663788, 0.850172221660614, 0.453457236289978, -0.7906529307365417, 0.39198166131973267, 0.14307831227779388, 0.6360214352607727, 0.3339431583881378, -0.3955475091934204, -0.7862164974212646, 1.13267982006073, 0.061588168144226074, 0.9798051714897156, -0.7905072569847107, -0.6695892214775085, 0.06636195629835129, -0.05290685221552849, -1.372758150100708, 1.4942338466644287, -0.25472068786621094, -0.2737935483455658, -0.10365863144397736, 0.9142770767211914, -0.06621631979942322, -0.7926760315895081]",0
部门,"[0.6907736659049988, 0.6907311081886292, -0.20872190594673157, -0.5883125066757202, -0.4434107542037964, -0.7301125526428223, 1.264001488685608, -0.5423175096511841, -0.7511738538742065, -0.9315099120140076, 0.2553006708621979, 0.14054937660694122, 0.4212662875652313, -0.6998910903930664, -0.8479325771331787, 0.06838591396808624, 0.07955005019903183, -0.6736413240432739, -0.4602786600589752, -0.5909938216209412, 0.016510311514139175, 0.5123699307441711, -1.4768010377883911, -0.36336472630500793, 0.09889178723096848, -0.9770690202713013, 0.1765030175447464, -0.38920682668685913, -0.9226524829864502, 0.8010303974151611, -0.16690722107887268, 0.8891252875328064, -1.7717119455337524, 0.42887914180755615, 0.3358219265937805, 0.13346436619758606, -0.7577968239784241, 1.5334376096725464, -0.49685585498809814, 0.5787675976753235, -0.37810471653938293, 0.11955344676971436, -0.8326146602630615, -0.020863039419054985, -0.4738895297050476, 0.7083176374435425, -1.4929298162460327, 0.5481396913528442, -0.048681408166885376, 0.21376623213291168, -0.6259104013442993, 0.02575930394232273, 0.31009626388549805, 1.5519742965698242, 0.3116796612739563, -0.36108773946762085, -0.07917170971632004, -0.18087460100650787, 0.45542195439338684, 1.129432201385498, 0.9013710021972656, -0.7942342162132263, -0.20292095839977264, -0.2957649827003479, 0.027369918301701546, 1.057424545288086, -0.2427729368209839, 0.37548506259918213, 1.888236403465271, -0.14000670611858368, 0.6259827613830566, 0.009573511779308319, -0.6096316576004028, 1.2696763277053833, -0.4751620888710022, -0.19502177834510803, 0.3761689364910126, 0.3751852810382843, 0.10165360569953918, 0.3243617117404938, -0.4399440884590149, 0.939106285572052, 0.6546732783317566, -0.30461540818214417, -0.5527438521385193, 1.03136146068573, 0.5677255392074585, 0.9398545622825623, -1.155931830406189, -0.3253430426120758, 0.5018489956855774, -0.039567895233631134, -1.405079960823059, 1.5919212102890015, 0.06612105667591095, 0.5618398785591125, -0.3190361261367798, 0.9795218706130981, 0.20140954852104187, -0.6657173037528992]",0
严肃查处,"[0.053267884999513626, 0.02342556044459343, -0.041427452117204666, -0.03522698953747749, 0.041269611567258835, 0.020904947072267532, -0.0027888931799679995, -0.02763792872428894, -0.01753270998597145, -0.06004538759589195, -0.02684599533677101, -0.003563229227438569, -0.02267851121723652, -0.03640670329332352, 0.002931904746219516, -0.003002729034051299, -0.011125525459647179, -0.015716159716248512, -0.019769802689552307, 0.0017286156071349978, -0.08555316179990768, -0.004256492480635643, -0.09580746293067932, -0.011886176653206348, -0.053170301020145416, -0.03603528439998627, 0.0010339288273826241, 0.010456465184688568, -0.007342224940657616, 0.05013376474380493, -0.0015623485669493675, 0.003000655910000205, 0.005006191786378622, 0.034293435513973236, -0.0015371758490800858, 0.005645242054015398, 0.012976298108696938, 0.07554160058498383, 0.003483573207631707, 0.045379020273685455, 0.04899398609995842, -0.0001516581542091444, -0.021414965391159058, 0.012168006040155888, 0.007108152844011784, 0.0708843320608139, -0.00456630066037178, 0.04202425479888916, -0.03916899859905243, -0.005503365304321051, -0.03487458825111389, 0.021811993792653084, 0.03318740054965019, 0.02332969754934311, 0.038600027561187744, -0.054238930344581604, -0.0009581593330949545, 0.07080195099115372, 0.03493908420205116, 0.0824374184012413, 0.01090951170772314, -0.05068475753068924, -0.004722493700683117, -0.0043181986548006535, 0.020179908722639084, 0.01968892104923725, -0.0017240323359146714, 0.027886973693966866, 0.0011124424636363983, 0.01040447223931551, -0.02632213942706585, 0.057475920766592026, -0.04772651568055153, 0.0906461551785469, -0.012998216785490513, -0.03430680185556412, 0.062145039439201355, 0.01840067468583584, -0.06828103214502335, 0.035023272037506104, -0.012291518971323967, 0.05654173344373703, 0.033416736871004105, -0.03813880681991577, -0.040743354707956314, 0.09804417937994003, -0.013201623223721981, 0.036356475204229355, -0.03662519529461861, 0.00898750964552164, 0.017676332965493202, -0.017471015453338623, -0.08222150057554245, 0.05573039874434471, -0.02134152129292488, -0.032476864755153656, 0.014750128611922264, 0.0322340726852417, -0.021328380331397057, -0.0380428209900856]",0
